ImageId,ClassId,x_min,y_min,x_max,y_max,split
0002cc93b.jpg,1,113,63,755,255,train
0007a71bf.jpg,5,72,4,1167,255,train
000a4bcdd.jpg,1,146,55,461,255,train
000f6bf48.jpg,4,515,0,1131,255,train
0014fce06.jpg,3,896,60,929,249,train
0025bde0c.jpg,5,33,2,1200,176,train
0025bde0c.jpg,4,1231,0,1512,185,train
002af848d.jpg,4,1135,189,1454,254,train
002fc4e19.jpg,6,570,83,595,160,train
002fc4e19.jpg,2,568,163,584,255,train
0030401a5.jpg,4,729,0,1315,255,val
0046839bd.jpg,3,597,42,768,99,train
005d86c25.jpg,5,1,0,763,255,train
005f02e20.jpg,3,1244,104,1296,214,train
005f19695.jpg,5,481,0,1320,255,train
008621629.jpg,4,841,134,1580,253,train
0088260da.jpg,5,101,0,1428,255,val
008d0f87b.jpg,5,282,0,1515,255,val
008ef3d74.jpg,1,1391,182,1430,255,train
008ef3d74.jpg,2,1466,4,1499,161,train
0095cd374.jpg,3,41,1,112,220,val
00ac8372f.jpg,1,397,106,415,187,train
00ac8372f.jpg,2,383,0,450,255,train
00af2671f.jpg,5,607,0,1120,255,val
00bc01bfe.jpg,6,831,129,1335,255,train
00bf8497a.jpg,3,795,23,1474,103,train
00c88fed0.jpg,1,40,227,58,254,train
00c88fed0.jpg,2,52,1,83,255,train
00cdb56a0.jpg,3,1034,71,1072,134,val
00d639396.jpg,5,895,0,1230,255,train
00e0398ad.jpg,5,31,0,1233,255,train
00ec97699.jpg,3,1104,127,1222,230,val
00f1665e6.jpg,5,933,0,1198,255,train
00f6e702c.jpg,3,1134,10,1329,250,train
01053d28f.jpg,6,168,26,290,247,train
010db68d1.jpg,1,227,52,461,241,train
012a9a4c7.jpg,1,690,0,741,125,val
012d29df4.jpg,5,0,29,1420,248,train
012f26693.jpg,3,17,0,225,119,val
012f26693.jpg,4,137,129,301,245,val
01338c0ea.jpg,3,281,0,327,232,train
0139dd004.jpg,3,542,7,945,148,train
0141c9bf3.jpg,3,1164,91,1327,240,train
0148e9891.jpg,3,923,0,1016,255,val
014ebe543.jpg,5,10,2,1209,220,train
01540cab1.jpg,3,386,183,874,231,train
01661826d.jpg,6,1324,25,1449,168,train
0167a740e.jpg,1,903,0,922,143,val
016af13d0.jpg,3,39,0,279,254,train
016efe618.jpg,4,0,0,1477,255,train
01764ee81.jpg,5,1,0,1527,255,val
017c828a1.jpg,1,962,0,990,156,val
018ccdfed.jpg,4,764,1,1516,250,train
01919944c.jpg,5,0,0,1511,255,train
019f42c2a.jpg,5,167,0,1534,255,train
01a1027ce.jpg,3,611,0,774,255,train
01afbfa7a.jpg,4,1062,48,1215,124,val
01b043500.jpg,3,718,1,771,255,val
01b492dd6.jpg,3,12,24,40,66,train
01c3ef286.jpg,5,321,3,722,255,train
01cf446d4.jpg,3,685,0,712,251,train
01cfacf80.jpg,3,1168,0,1418,145,train
01cfacf80.jpg,4,0,0,1594,210,train
01df77e59.jpg,1,66,24,1171,233,train
01e020dc5.jpg,5,252,0,1222,255,train
01ebe0d32.jpg,5,382,0,1176,255,train
01fd320c9.jpg,3,555,200,1229,246,val
01fd50e68.jpg,5,468,0,1105,255,train
020ff3106.jpg,3,207,33,456,254,val
0217af9b1.jpg,3,336,0,356,255,train
0218c0fcc.jpg,4,815,5,1117,219,val
02291e913.jpg,5,662,1,1111,254,train
02431211b.jpg,5,970,0,1476,255,val
025cb9f6e.jpg,3,1085,0,1200,255,train
025dc8dc8.jpg,3,1243,65,1400,255,train
026183d85.jpg,2,469,63,487,226,train
02701c239.jpg,5,629,1,1068,255,train
0281aba7b.jpg,5,151,0,536,255,train
028eb44d1.jpg,5,0,45,1545,255,train
028ed7768.jpg,3,960,0,1119,255,train
0294f23c0.jpg,5,707,1,1318,255,train
02b2d3aa4.jpg,1,383,83,597,255,train
02b906933.jpg,5,428,1,1127,255,val
02bf279c9.jpg,3,216,141,321,255,train
02c4655ff.jpg,1,324,11,1315,225,train
02c79bfcb.jpg,5,580,0,1597,173,train
02d18b8a4.jpg,5,48,0,1036,255,val
02d573611.jpg,4,905,162,1174,254,val
02d8c6b30.jpg,3,753,0,868,254,train
031627893.jpg,5,446,56,1599,150,train
031f334ec.jpg,5,104,0,1477,213,train
0340e13c4.jpg,5,545,0,1571,255,val
03461f8e0.jpg,3,1191,87,1338,255,train
034941f9d.jpg,5,392,45,1349,242,train
035021da2.jpg,3,69,166,337,255,train
0360edfb8.jpg,5,682,0,1006,255,val
036c4e5d2.jpg,1,294,0,324,255,train
036c7d18c.jpg,5,0,0,1597,254,train
037fca267.jpg,3,927,17,1109,255,val
03860f6a9.jpg,5,52,0,1320,255,train
0386ce84b.jpg,5,384,76,1593,255,val
038f14456.jpg,4,1053,130,1222,255,train
0391d44d6.jpg,5,247,38,1111,248,train
0391d44d6.jpg,4,265,0,1599,255,train
039577d49.jpg,5,138,0,1597,255,val
03ab4e3ea.jpg,3,1134,0,1212,174,train
03ca4d04c.jpg,5,0,3,1142,255,train
03da79fda.jpg,1,707,155,738,229,train
03db6bbc3.jpg,5,113,40,658,252,train
03db6bbc3.jpg,4,322,1,1418,255,train
03faf7462.jpg,3,683,12,736,255,val
04055fd3e.jpg,5,683,0,1470,255,val
0405e7c54.jpg,2,39,8,67,255,train
04072b39a.jpg,3,1068,0,1212,255,train
041187764.jpg,5,0,6,359,226,train
041a93b6d.jpg,5,550,68,1335,161,train
04246167f.jpg,3,1174,7,1356,255,train
0429258ad.jpg,1,1380,55,1399,162,train
044700866.jpg,5,555,0,1470,227,train
044700866.jpg,4,0,99,90,179,train
04594d04e.jpg,5,663,0,1421,249,train
046282f58.jpg,3,46,182,112,255,train
046c35525.jpg,1,1466,0,1491,255,train
047fa15d0.jpg,3,680,0,833,255,train
048d14d3f.jpg,3,798,0,1008,255,train
0498abd18.jpg,5,1,2,1597,255,train
049bad998.jpg,5,84,1,865,255,train
04a06d744.jpg,5,585,0,1130,255,train
04a4777e9.jpg,5,605,0,1187,255,train
04a5009fa.jpg,3,582,0,820,254,train
04ae7853c.jpg,3,1153,0,1356,255,train
04c3aade7.jpg,4,342,4,800,217,train
04d49c95d.jpg,5,687,2,1008,255,val
04e23e414.jpg,1,253,0,658,255,train
04fa19d59.jpg,4,199,1,543,255,val
05184e71b.jpg,5,429,0,1126,255,train
0518e79e9.jpg,3,603,0,713,107,train
051f0d825.jpg,5,75,40,1341,255,train
0526d780c.jpg,5,687,0,1000,255,train
052838084.jpg,5,64,0,1261,67,train
052ac9a54.jpg,3,839,0,1037,255,train
052cc2a0f.jpg,4,328,92,933,255,train
0534f1b45.jpg,5,242,0,1367,255,val
05396b495.jpg,5,17,0,850,255,train
053e9a29c.jpg,3,1483,76,1594,224,train
054190eb2.jpg,5,837,103,1598,255,val
056e34021.jpg,1,151,0,1345,255,train
05747b10b.jpg,2,943,65,960,242,train
0576d3847.jpg,3,392,0,623,255,train
057b89dd5.jpg,3,389,0,623,130,train
0582ac66c.jpg,4,0,0,1257,255,train
058a1e3b8.jpg,3,1299,0,1344,255,train
059000a4f.jpg,1,1367,140,1399,172,train
059327fe3.jpg,3,63,19,125,255,train
05a024a74.jpg,5,499,0,1363,252,val
05d6bccf8.jpg,5,115,0,742,255,train
05f5e7366.jpg,3,1332,138,1479,186,train
0602f0520.jpg,5,625,0,1122,255,train
0603c2340.jpg,6,1322,70,1351,202,train
0606395c5.jpg,5,403,115,1503,255,val
060964105.jpg,2,487,2,506,164,train
060c3159e.jpg,2,920,90,948,255,train
062167783.jpg,5,66,0,1149,255,train
063571c5c.jpg,3,941,0,998,255,train
063fa1630.jpg,4,262,1,1235,255,train
0645d69f9.jpg,3,1119,45,1185,117,train
066ecd182.jpg,3,1123,0,1599,119,val
06713b712.jpg,5,91,147,1599,255,val
068587112.jpg,5,133,0,1035,254,train
068c6c4a9.jpg,2,1483,24,1515,180,train
0696cfa05.jpg,5,1,0,1294,255,train
06a01c775.jpg,1,210,15,1203,190,train
06ad83bac.jpg,5,0,0,1599,255,train
06ae96c30.jpg,5,124,0,1019,255,train
06aed81ba.jpg,3,186,0,280,255,train
06b384e78.jpg,3,1097,0,1151,255,train
06b49e34f.jpg,3,705,2,722,135,train
06d0fbb0c.jpg,5,381,22,667,255,val
06d3a99cb.jpg,5,393,0,1539,255,val
06e55cb16.jpg,3,937,171,975,211,train
06e6582af.jpg,5,0,41,1235,255,train
06e6e7a8c.jpg,4,439,0,785,255,train
06e7b157a.jpg,3,1249,0,1460,255,val
06eb2151d.jpg,3,1271,71,1321,138,train
06f4583b1.jpg,3,1093,0,1155,177,train
06f52f4dd.jpg,5,195,0,1342,253,train
06fb3a6e5.jpg,3,1130,61,1336,255,train
0712fbd90.jpg,3,1178,1,1195,255,val
0728b2ac9.jpg,6,1362,1,1446,231,train
0739e9688.jpg,5,1,75,1594,144,val
07732248e.jpg,5,29,0,955,254,train
07732248e.jpg,4,540,0,645,255,train
077f0256d.jpg,1,1541,0,1586,24,val
079054aa2.jpg,3,1299,41,1345,148,train
07a5651ce.jpg,5,0,0,1444,255,train
07ac7620c.jpg,1,742,18,786,84,train
07b1a9644.jpg,3,606,37,633,230,val
07b627cb9.jpg,3,233,2,295,255,train
07ba16aba.jpg,5,916,0,1249,236,train
07ba66beb.jpg,6,116,0,615,238,train
07c3d6d77.jpg,2,924,0,959,215,train
07c8ba1d5.jpg,5,88,0,1268,255,train
07c8ba1d5.jpg,4,832,129,923,231,train
07c8c77a3.jpg,3,1057,26,1067,255,train
07c917711.jpg,3,819,0,1128,191,train
07cb6d544.jpg,3,1011,34,1059,78,train
07cbfd1f8.jpg,5,893,0,1497,255,train
07cbfd1f8.jpg,4,36,0,410,255,train
07cd0a3e9.jpg,5,1,0,1171,255,train
0803acf1f.jpg,3,1180,129,1328,255,val
0808a098b.jpg,3,1168,0,1212,254,train
080d6f77f.jpg,5,196,0,1471,255,val
0817e2da4.jpg,3,1061,0,1225,255,val
08193cfc8.jpg,2,1454,1,1491,228,train
0829af407.jpg,6,1418,44,1446,117,train
0832de752.jpg,6,5,2,1510,255,train
0841074c1.jpg,3,794,0,991,255,train
0842fa725.jpg,2,843,190,855,255,train
0849ea9f1.jpg,5,90,50,1583,208,train
084e8ba74.jpg,5,1,0,528,255,train
0858830b6.jpg,5,411,0,1251,255,train
085a9eea6.jpg,5,69,0,523,255,val
085bcd104.jpg,3,58,3,156,255,train
08605c0eb.jpg,5,0,173,1595,255,train
08808b1a2.jpg,6,386,29,599,216,train
08852b69d.jpg,3,363,0,516,236,train
0888e6a84.jpg,3,142,90,153,212,train
0888e6a84.jpg,4,971,85,1103,188,train
088a6bb94.jpg,5,663,1,965,255,train
088aee82e.jpg,5,0,54,1599,178,train
08a1a079b.jpg,1,171,10,722,247,val
08a1a079b.jpg,3,1,68,447,186,val
08a8ed239.jpg,6,766,164,790,255,val
08b10468d.jpg,4,617,166,1356,255,train
08b40a161.jpg,3,598,0,711,173,train
08b40a161.jpg,4,696,106,1598,255,train
08b539d11.jpg,5,0,1,1336,255,train
08c2fc120.jpg,3,1219,123,1387,255,val
08d5bd03d.jpg,3,1326,32,1355,221,train
08d80d51a.jpg,5,267,0,1510,255,train
08de8621d.jpg,5,122,0,986,255,train
08de8df60.jpg,1,75,4,359,255,train
08de8df60.jpg,5,638,6,1279,204,train
08e3aadde.jpg,5,316,0,817,255,train
08f0b26ac.jpg,3,449,1,474,255,val
08f5c0997.jpg,5,201,0,1340,255,val
08f9c685f.jpg,1,721,62,742,211,train
08f9c685f.jpg,3,842,228,899,246,train
0905fe055.jpg,1,1395,98,1419,229,val
090a6a4b5.jpg,5,733,0,1355,239,val
09140dda7.jpg,5,1127,0,1561,255,train
091d21109.jpg,5,563,0,1441,255,val
092145f0c.jpg,5,65,0,1468,255,train
092614afe.jpg,4,128,6,346,249,train
0929b3d8f.jpg,5,679,1,1268,254,train
092f8d365.jpg,3,795,18,911,255,train
09323504a.jpg,3,238,106,332,161,train
0934b8bff.jpg,1,300,60,326,253,val
093ec1c68.jpg,3,1003,0,1458,83,val
094fd70ea.jpg,5,490,0,1286,255,train
09552b326.jpg,5,0,0,1331,253,train
096465b41.jpg,5,0,139,1463,187,train
0970201e2.jpg,5,1001,122,1523,255,train
09757b84e.jpg,3,1066,0,1193,255,val
097e28492.jpg,3,1039,208,1071,255,train
097eaf94c.jpg,3,1364,0,1534,130,val
097eaf94c.jpg,4,536,0,1164,255,val
0984c380f.jpg,3,82,0,243,255,val
0986996f0.jpg,3,613,96,824,174,train
0988e13e7.jpg,3,1483,0,1526,76,train
0999e53af.jpg,1,1323,39,1375,199,train
099e4e39a.jpg,3,80,0,238,255,val
09b26a624.jpg,5,77,1,863,255,train
09b428fe0.jpg,6,261,2,1522,143,val
09c967630.jpg,3,1106,2,1161,245,train
09d4ee8a5.jpg,3,292,2,337,255,train
09d70d8f0.jpg,5,110,0,440,254,val
09d7dba1b.jpg,3,807,0,1000,255,train
09d84ff22.jpg,3,186,18,370,95,val
09d87038e.jpg,5,41,0,860,253,train
09e06e897.jpg,3,657,0,822,255,train
09e15218c.jpg,5,68,52,1366,255,train
09e75817a.jpg,3,41,173,608,255,val
09e9c96fd.jpg,5,20,87,922,209,train
09ee01161.jpg,3,318,0,438,255,val
09f1605ee.jpg,4,752,36,1067,252,train
0a21ce787.jpg,3,194,197,252,244,train
0a26aceb2.jpg,5,75,58,1384,255,train
0a37f0a29.jpg,3,386,157,755,255,train
0a405b396.jpg,5,151,0,1440,255,train
0a4ad45a5.jpg,1,447,53,1088,255,train
0a5cff3a7.jpg,3,1059,4,1113,224,train
0a8306bfe.jpg,3,1433,76,1595,238,train
0a8cb8ddf.jpg,1,286,0,1409,254,train
0a9a7a6c7.jpg,3,930,0,1238,196,train
0a9aaba9a.jpg,3,367,0,525,255,train
0aa4399a4.jpg,3,914,145,951,253,train
0aa7955fd.jpg,3,1336,31,1401,164,train
0aafd7471.jpg,1,1466,119,1486,254,val
0abfbfc69.jpg,5,0,0,1597,255,train
0ac9936af.jpg,3,1324,84,1375,252,train
0aceecf0a.jpg,5,0,99,1590,255,train
0adc17f1d.jpg,4,2,0,1577,255,train
0ae4f8a60.jpg,5,65,121,1261,255,train
0af6b34a8.jpg,3,1094,0,1106,255,train
0b1235e38.jpg,5,153,20,1560,255,train
0b1993a49.jpg,5,91,0,1170,255,train
0b1a4d585.jpg,1,1449,0,1465,255,train
0b1e5a7a5.jpg,2,97,0,112,255,train
0b475b419.jpg,3,1191,0,1341,222,val
0b4a68676.jpg,3,1256,0,1599,52,val
0b4c8e681.jpg,2,1509,32,1545,254,train
0b5018316.jpg,2,532,0,554,135,train
0b5051d9f.jpg,3,1074,0,1295,212,train
0b56da4ff.jpg,4,1241,109,1318,173,train
0b5c97e4c.jpg,3,1419,2,1456,255,val
0b6cc9daa.jpg,5,158,0,1191,255,val
0b76bcd3a.jpg,5,1109,1,1429,255,train
0b77d4ddf.jpg,5,6,0,1264,143,train
0b7a4c9b9.jpg,5,525,0,1095,255,train
0b8575001.jpg,3,1035,0,1132,255,train
0b8775632.jpg,5,99,0,1451,255,train
0bb304645.jpg,6,342,1,1456,255,val
0bb37f2aa.jpg,3,1178,125,1329,255,train
0bb39cafa.jpg,3,1095,0,1171,255,train
0bbd121d7.jpg,5,151,0,1077,255,train
0bc0d715e.jpg,3,494,0,516,248,train
0bc373e44.jpg,1,135,0,326,182,val
0bc373e44.jpg,3,0,150,70,255,val
0bc3f8ce8.jpg,3,933,1,963,255,train
0bc8070d5.jpg,3,1463,151,1490,255,train
0bd6da716.jpg,1,1398,132,1419,187,train
0bda9a0eb.jpg,3,203,137,1012,213,train
0be9bad7b.jpg,3,1194,1,1215,255,train
0be9bad7b.jpg,4,3,174,1595,255,train
0bee4edeb.jpg,5,48,1,939,255,train
0bfce2f41.jpg,3,45,1,86,255,val
0bfcf7a71.jpg,5,255,1,1021,255,train
0c21c4b46.jpg,3,1081,30,1092,245,train
0c2522533.jpg,3,500,0,605,255,val
0c495b1c8.jpg,3,1170,3,1215,252,val
0c59df320.jpg,1,883,0,905,255,train
0c5c5644b.jpg,5,685,0,1005,255,val
0c6720401.jpg,2,1458,1,1478,255,val
0c888ecb5.jpg,3,321,0,381,214,val
0c888ecb5.jpg,4,1259,20,1560,255,val
0c9ae816d.jpg,3,1050,0,1183,255,val
0ca915b9f.jpg,3,735,150,908,229,val
0caf53aba.jpg,3,1162,0,1242,255,train
0cb3064bd.jpg,5,330,0,1103,255,train
0cb590f8e.jpg,1,1373,117,1391,133,train
0cb590f8e.jpg,2,1357,0,1372,73,train
0cd22bad5.jpg,5,423,0,801,255,train
0ce18d9e2.jpg,3,507,122,906,217,train
0ce3a145f.jpg,5,314,33,1510,255,train
0ce5ead68.jpg,5,838,0,1107,255,val
0ce6ef153.jpg,3,1,59,520,144,val
0cefc1f4f.jpg,5,661,0,1597,255,val
0cf509103.jpg,6,1539,22,1590,67,train
0cfcad1f5.jpg,3,1056,3,1066,55,train
0d0ee7a51.jpg,5,1155,3,1505,255,train
0d13c2a23.jpg,1,489,17,522,171,train
0d17b6b4f.jpg,3,1288,42,1340,129,train
0d224e852.jpg,5,461,0,1537,255,train
0d22c1559.jpg,5,648,22,926,255,train
0d2a4e766.jpg,3,1107,2,1326,255,train
0d365d98c.jpg,5,274,0,1095,151,train
0d3d0dbf2.jpg,5,416,0,1596,255,train
0d3edfec6.jpg,5,60,0,1572,255,train
0d4866e3c.jpg,2,535,61,551,255,val
0d4eae8de.jpg,4,269,4,1165,248,val
0d51538b9.jpg,4,3,23,247,250,train
0d617d477.jpg,5,428,0,1517,255,val
0d661ca68.jpg,3,1090,0,1338,255,train
0d78ac743.jpg,4,206,0,982,76,val
0d7e52a91.jpg,5,282,0,1190,255,train
0d99ab39c.jpg,5,492,0,1184,255,train
0d9d2aa59.jpg,3,192,3,218,255,val
0da0d2c17.jpg,3,967,0,1128,254,train
0da1c044f.jpg,3,1081,0,1273,255,train
0db448eb7.jpg,5,960,2,1251,253,train
0db535c8c.jpg,3,1215,0,1418,233,train
0db7ec4f0.jpg,3,1201,0,1345,116,train
0dc953a31.jpg,3,1217,0,1308,187,train
0dd76b019.jpg,3,844,1,868,255,train
0dd8c9f61.jpg,3,1198,8,1352,251,train
0ddbc9fb5.jpg,4,9,5,1105,255,train
0e01b820c.jpg,4,225,0,681,231,train
0e0377ffa.jpg,3,674,5,693,207,train
0e0d5004d.jpg,5,873,0,1176,255,train
0e0f06208.jpg,5,140,0,1179,255,train
0e106d482.jpg,2,789,63,810,226,train
0e1925eb6.jpg,3,244,0,327,255,train
0e232ce72.jpg,4,400,2,622,70,train
0e5981679.jpg,3,675,0,836,255,val
0e5e3f570.jpg,5,94,52,1553,254,train
0e62d06d5.jpg,5,0,0,434,255,val
0e650e720.jpg,4,1061,2,1583,222,train
0e71cd651.jpg,3,213,3,264,253,train
0e71cd651.jpg,4,790,22,1165,255,train
0e7a45695.jpg,1,725,48,747,108,val
0e7f04eb4.jpg,3,1501,2,1523,227,train
0e86dea5b.jpg,1,518,1,548,217,val
0e9356159.jpg,1,1308,97,1334,150,train
0ea00bf92.jpg,2,822,47,842,235,val
0ea151b2f.jpg,5,9,0,1387,59,val
0eae06feb.jpg,5,116,0,1405,200,train
0eb09950a.jpg,5,89,1,438,255,train
0ebb34d89.jpg,5,0,0,961,255,train
0ebdc1277.jpg,2,858,0,891,255,train
0ec130695.jpg,3,1152,0,1168,228,train
0ec47dc45.jpg,5,2,0,877,255,train
0ec69ca92.jpg,5,675,0,1094,255,train
0ecf31314.jpg,3,372,2,457,255,train
0ed6dadbd.jpg,3,822,0,844,255,train
0ee20797b.jpg,3,1315,0,1523,255,train
0ee406ddb.jpg,3,699,3,720,251,train
0ef465b25.jpg,5,0,0,1599,255,val
0f010cc60.jpg,6,181,0,620,254,train
0f010cc60.jpg,3,1247,0,1361,254,train
0f0c71c3e.jpg,5,671,0,1083,255,train
0f1617841.jpg,6,44,0,1478,237,train
0f2f4c90e.jpg,5,90,0,559,255,train
0f4a022fd.jpg,3,1043,0,1203,254,train
0f4bf08bd.jpg,1,342,135,508,229,train
0f65a99d2.jpg,5,1026,0,1439,255,train
0f7b0f4ab.jpg,3,682,0,700,255,val
0f8305adb.jpg,4,128,1,286,183,train
0f9a12222.jpg,1,703,24,747,69,train
0f9f79a88.jpg,1,1,39,918,255,train
0fa3f0dab.jpg,5,836,1,1200,255,train
0fb30b22c.jpg,3,525,0,542,191,train
0fb56c62d.jpg,1,1455,87,1486,215,train
0fc3d194a.jpg,5,109,0,1599,255,val
0fcafcb3b.jpg,3,670,0,890,255,train
0fd171923.jpg,3,1,20,47,255,val
0fd63823c.jpg,6,146,2,1376,196,train
0fe12f041.jpg,5,2,0,1557,255,train
0ff13bf69.jpg,5,482,0,1181,255,train
0ff2850a2.jpg,3,613,0,636,255,train
0ff538004.jpg,3,1122,5,1130,255,train
100cf75d9.jpg,3,791,0,805,255,train
1013a0b6e.jpg,3,754,21,917,83,train
101648543.jpg,2,507,0,518,241,train
101648543.jpg,3,1069,0,1177,255,train
1017c52e8.jpg,1,710,118,738,151,train
101bc8aa5.jpg,5,20,0,1486,255,val
102ac71fd.jpg,3,1091,0,1265,255,train
10378f8ea.jpg,3,1197,0,1242,254,val
104e612c2.jpg,5,682,0,1367,254,train
105f93d9e.jpg,3,1134,3,1149,249,train
106fd7aad.jpg,5,743,39,1474,202,val
1082cfe08.jpg,4,938,1,1075,97,val
1086196e1.jpg,5,68,124,677,255,train
108ea689b.jpg,5,252,0,1597,255,train
10909b4bb.jpg,5,206,0,762,255,train
10972add9.jpg,5,356,0,1473,255,train
10a3cfbce.jpg,3,795,0,820,255,train
10b23eabe.jpg,5,431,0,1000,255,val
10b6f12f1.jpg,5,342,0,903,253,train
10bbf7cb3.jpg,3,1268,68,1349,182,train
10c05e806.jpg,3,775,146,788,229,val
10c190f20.jpg,5,283,67,721,255,train
10d98c2be.jpg,5,0,1,712,255,val
10d9f85be.jpg,1,764,107,800,167,train
10e429bfc.jpg,3,387,0,471,255,val
11192bc94.jpg,5,793,0,1105,255,train
112942aed.jpg,6,1495,168,1507,217,train
112942aed.jpg,2,1475,195,1485,255,train
112b06482.jpg,3,970,0,1007,254,train
112d183e5.jpg,5,16,0,322,255,train
11418b1c5.jpg,1,194,0,1429,190,train
114e89e60.jpg,3,1270,178,1337,255,train
115c02850.jpg,3,1053,0,1163,255,train
1165781f0.jpg,5,196,19,645,255,val
116d673e3.jpg,5,0,0,1588,217,train
117759a83.jpg,3,178,93,204,128,train
117ddaa9f.jpg,5,944,0,1318,251,train
118b71091.jpg,3,1107,2,1114,255,train
1198f83d2.jpg,3,688,1,715,253,train
11aaf18e2.jpg,3,1184,7,1338,226,val
11b37e4d7.jpg,3,1148,5,1368,246,train
11b801a0a.jpg,3,491,8,723,131,train
11bda65f0.jpg,5,526,0,848,255,train
11bf761dc.jpg,5,684,0,960,255,train
11c481d5e.jpg,3,1125,2,1345,255,train
11f34f40d.jpg,5,23,1,1242,255,train
11f788ecf.jpg,6,441,0,496,228,train
11ff6a6f4.jpg,5,29,0,1244,255,train
121d3818a.jpg,5,0,9,1598,255,val
12234aab8.jpg,5,321,3,796,252,train
12274ea9c.jpg,2,862,57,875,229,train
12375dd7a.jpg,3,418,3,460,255,val
1238340e9.jpg,3,877,0,902,254,train
123b0882e.jpg,6,238,59,1500,231,train
124204a30.jpg,3,839,39,1008,96,val
12471d0d5.jpg,6,753,191,771,231,val
1259fbac8.jpg,5,389,0,1308,229,train
12627251e.jpg,5,7,10,1513,215,train
127504e0f.jpg,5,751,2,1106,255,val
127a4a097.jpg,3,22,1,99,255,val
1287339e5.jpg,5,362,1,1261,255,train
1287c7c74.jpg,5,506,15,1598,255,train
128b708e5.jpg,1,1347,37,1411,219,val
1298b6dbb.jpg,5,918,0,1527,255,train
12c0b2b5c.jpg,5,979,75,1599,255,train
12ca2b04b.jpg,3,784,0,998,254,val
12d38a1d4.jpg,5,889,0,1197,254,train
12dd3899c.jpg,3,794,0,988,255,train
12ee58841.jpg,5,372,0,1117,166,train
13067c801.jpg,5,426,0,1121,255,train
1308a608d.jpg,6,1061,0,1416,255,train
130e11be6.jpg,5,266,8,1534,255,train
13169e4cf.jpg,3,1166,119,1315,255,val
132511b8b.jpg,4,16,0,588,231,train
132e8ca58.jpg,5,161,0,776,254,train
1346c8ba2.jpg,3,209,99,965,153,train
135a4b191.jpg,3,1274,181,1422,255,train
135be73db.jpg,5,91,17,1035,255,val
135fe211d.jpg,3,276,8,323,238,train
1379aba8d.jpg,5,1,25,897,255,train
137b5546d.jpg,5,0,3,1539,225,train
1387583da.jpg,5,53,0,694,255,train
1396b6e88.jpg,5,1,55,1597,194,val
139b7e692.jpg,3,1197,106,1309,254,train
139b7e692.jpg,4,366,50,571,236,train
13ab7b13e.jpg,5,36,0,1419,255,train
13b66e5de.jpg,4,731,0,938,247,train
13c1d516a.jpg,5,13,0,1598,255,train
13c27aa5b.jpg,5,643,0,1148,255,val
13c9921d2.jpg,3,1503,48,1543,110,train
13ca110ae.jpg,6,684,38,708,98,val
13fa1d70d.jpg,3,1185,138,1225,255,train
13fa1d70d.jpg,4,61,0,603,255,train
140e212df.jpg,1,1165,176,1216,234,train
140e59cff.jpg,6,1326,0,1357,255,val
140e59cff.jpg,3,1312,1,1332,208,val
141bea747.jpg,4,56,182,142,222,train
141d72a3f.jpg,3,1346,0,1374,255,train
1422b7da0.jpg,4,411,154,627,255,train
1422f2b27.jpg,3,930,1,1162,252,train
1435cd970.jpg,5,813,0,1136,255,val
14457e888.jpg,1,334,3,1419,97,train
144fdd925.jpg,2,1465,19,1490,208,train
1473a83e2.jpg,3,1074,81,1266,248,train
147ca5516.jpg,4,1124,37,1268,210,train
1483bc52d.jpg,3,1244,0,1398,244,train
14a77cc6f.jpg,3,1147,38,1231,255,train
14c9a9062.jpg,3,868,1,908,255,train
14cc1c6b0.jpg,4,1,7,655,245,train
14e4da366.jpg,3,1275,170,1316,255,train
14e90eb54.jpg,5,311,0,686,226,train
14fb9778c.jpg,5,345,4,636,255,train
14ff2a474.jpg,3,269,0,379,255,train
14ff2a474.jpg,4,953,118,1599,255,train
1501f53a2.jpg,5,434,0,1006,255,train
150cadc70.jpg,5,342,0,1172,255,train
1511d97da.jpg,5,690,0,1481,255,train
1513b40a0.jpg,5,38,1,810,255,val
1524a6e4f.jpg,5,633,73,1191,235,train
1535e2127.jpg,3,1201,0,1269,178,train
153b56c43.jpg,5,63,5,1597,224,val
154e7e802.jpg,1,498,93,526,245,train
15547c309.jpg,3,489,2,552,255,train
1561eb657.jpg,2,1478,0,1528,255,val
156a74a49.jpg,2,85,0,98,191,val
1574cc730.jpg,3,1394,10,1460,63,val
15796b4d5.jpg,5,180,0,1551,254,train
157f361ec.jpg,3,1052,1,1188,255,train
159a2fee0.jpg,5,791,0,1370,195,val
159b43d49.jpg,3,1463,201,1475,231,train
15ab03ce5.jpg,3,693,80,970,242,train
15aeb5d52.jpg,3,1125,1,1153,255,train
15b56bf43.jpg,4,641,109,775,175,train
15ce9e5cf.jpg,5,477,0,933,255,val
15d258692.jpg,3,810,32,838,255,val
15d8b6f02.jpg,5,626,0,1120,255,train
15e21dfad.jpg,5,541,0,865,254,train
15e512a0f.jpg,5,1,73,489,255,train
15e8d5e3d.jpg,4,985,2,1535,253,train
15ece0447.jpg,3,895,0,1071,255,val
15f14781f.jpg,3,545,162,704,219,train
15f8fd390.jpg,3,1336,141,1370,244,train
161ca82bf.jpg,5,873,0,1239,255,train
162de780e.jpg,5,0,2,1585,255,val
162f17999.jpg,5,558,1,815,255,train
162fbb1af.jpg,5,488,0,1013,254,train
163473240.jpg,3,145,17,517,116,train
16371ae14.jpg,1,1444,122,1488,239,train
1639cc829.jpg,3,1195,3,1343,215,train
163cc2750.jpg,4,66,15,178,255,train
163ff3547.jpg,2,504,66,524,255,train
16498a156.jpg,5,42,2,1454,255,val
165a55d5c.jpg,3,397,187,411,246,train
165a55d5c.jpg,4,414,0,1599,147,train
1664d4b17.jpg,3,674,66,721,132,train
166645a0b.jpg,5,408,0,1069,255,train
166818755.jpg,3,861,0,895,231,val
166fcd035.jpg,3,1175,15,1192,255,train
166fff927.jpg,5,0,0,1336,234,train
167ae556b.jpg,5,47,0,829,255,train
167d6930a.jpg,5,686,0,1009,255,train
1699951da.jpg,6,1005,0,1027,136,train
169baf9bb.jpg,3,1104,121,1117,252,train
169bb9923.jpg,5,161,0,1200,255,train
16a1cf5b9.jpg,3,411,0,619,255,train
16a50624d.jpg,4,296,129,714,255,train
16aa5333c.jpg,5,463,20,1540,255,train
16aabaf79.jpg,6,1378,3,1458,255,val
16acf1ed9.jpg,5,567,0,1586,255,val
16b7dc417.jpg,6,1421,30,1491,169,train
16b7dc417.jpg,3,1407,168,1437,255,train
16b8b50af.jpg,5,540,0,1324,255,train
16c60441c.jpg,5,502,0,1310,255,train
16cf961d6.jpg,6,746,156,767,255,train
16d0b11ff.jpg,1,1398,151,1417,170,train
16d0b11ff.jpg,2,1398,0,1416,96,train
1717ef156.jpg,3,947,36,1010,177,train
171c64a72.jpg,5,131,3,778,255,train
172b72353.jpg,3,330,66,465,179,val
172e692e1.jpg,3,498,0,612,233,val
17383bd97.jpg,6,754,18,795,187,train
1740fcd28.jpg,5,343,72,1537,142,train
174af9fd6.jpg,3,1092,0,1324,250,train
1755b86e4.jpg,5,270,0,955,255,train
175c0ee12.jpg,3,419,1,481,255,train
177a33f57.jpg,3,860,159,899,255,train
178490b45.jpg,3,433,5,478,254,train
1795867f2.jpg,4,1039,2,1424,244,train
179b27647.jpg,3,168,1,244,255,train
179f00d93.jpg,5,123,0,977,255,train
17ac2163c.jpg,2,455,0,495,236,train
17b384c3e.jpg,5,472,0,1033,255,val
17b3f9421.jpg,3,1142,83,1585,220,val
17c821b3f.jpg,6,515,0,569,252,train
17d02873a.jpg,3,996,3,1039,255,train
17e7cd5c6.jpg,5,0,182,1591,255,train
17eeca349.jpg,1,1440,167,1483,239,train
17f01b94d.jpg,6,221,20,1273,161,val
17f611256.jpg,5,163,1,793,255,train
17f9f952a.jpg,1,928,0,956,254,train
17fa32126.jpg,3,740,34,1354,111,train
180478e66.jpg,3,1153,2,1208,189,train
1809bcad9.jpg,3,1196,5,1235,137,train
180bb19f9.jpg,4,262,26,451,254,train
181454b94.jpg,3,1417,155,1452,238,val
181d5197b.jpg,5,468,0,1438,139,train
1821dcbf1.jpg,4,0,7,1320,255,train
182bce847.jpg,6,300,105,582,244,train
183383e8d.jpg,3,1086,55,1099,242,train
1835aee23.jpg,5,1141,0,1559,255,train
183dbcde4.jpg,3,174,42,201,62,train
1849f8952.jpg,4,566,167,836,255,train
1860df762.jpg,3,707,0,728,255,train
18615eacf.jpg,3,780,6,858,255,val
186534efc.jpg,3,887,0,913,249,train
189659389.jpg,1,785,107,842,247,val
1897882a1.jpg,5,50,0,1047,255,train
18aa8af7c.jpg,3,663,1,679,255,train
18ace9a9a.jpg,4,1,0,885,255,val
18ba753ff.jpg,2,483,115,499,208,val
18bacf0e3.jpg,3,1438,0,1455,252,train
18c141479.jpg,3,1316,0,1344,243,train
18c14f720.jpg,2,905,0,935,242,train
18f057e52.jpg,3,447,147,523,190,train
18fc395b4.jpg,1,299,2,458,146,train
190190a6f.jpg,4,73,106,266,245,train
19115aedb.jpg,3,1231,63,1304,255,train
1917c9f34.jpg,5,498,0,1419,255,train
1919bde53.jpg,1,114,10,361,144,train
192531334.jpg,4,838,5,1053,221,train
192e256ba.jpg,3,306,0,411,244,train
193884988.jpg,5,409,0,867,255,train
193eeae52.jpg,5,587,0,1375,255,train
194cce1be.jpg,6,200,62,345,194,train
195a41c2d.jpg,5,611,0,1596,190,val
195c2e0d0.jpg,5,775,0,1154,255,train
195e36565.jpg,1,817,191,970,255,train
19656c148.jpg,3,1217,110,1365,255,train
196d65e42.jpg,5,640,2,1333,255,train
196e624f5.jpg,5,464,4,1171,255,train
198252b95.jpg,5,445,0,1007,255,train
1988d45c4.jpg,3,185,0,263,255,train
19955420c.jpg,5,680,0,1188,255,train
199dc89de.jpg,5,229,39,896,137,train
19a352c2f.jpg,5,691,0,1223,255,train
19a3acdeb.jpg,5,0,3,1581,255,val
19ab4c335.jpg,5,584,1,1391,255,train
19ab4c335.jpg,4,0,0,97,220,train
19aef9172.jpg,3,155,10,182,129,train
19b4b7cd8.jpg,1,391,122,475,249,val
19b8972c7.jpg,3,133,0,363,255,train
19c3a9c48.jpg,5,435,0,1002,255,train
19c645c25.jpg,5,184,0,941,255,train
19cf72d91.jpg,1,140,2,1523,255,train
19d5d25a6.jpg,3,240,95,265,235,train
19d892dd9.jpg,4,3,2,990,249,train
19e918673.jpg,4,454,59,599,150,val
19f00abbf.jpg,3,341,3,424,255,train
1a075e075.jpg,4,1283,0,1596,145,train
1a0f5230a.jpg,3,1127,166,1141,254,train
1a15e33ae.jpg,3,1089,0,1116,255,train
1a17a1f15.jpg,3,1405,107,1479,255,train
1a17a1f15.jpg,4,1376,0,1551,110,train
1a20361c3.jpg,3,569,102,629,196,train
1a33e152d.jpg,1,145,0,1478,255,train
1a382baf6.jpg,4,1405,193,1566,250,train
1a3cb1bfc.jpg,4,134,3,853,255,train
1a4039711.jpg,1,1262,53,1299,141,val
1a603f8dd.jpg,3,729,20,746,253,train
1a70268d4.jpg,6,689,119,713,193,train
1a77fb759.jpg,4,42,82,154,247,train
1a8440db2.jpg,6,466,0,513,254,val
1a8eb71da.jpg,3,1046,0,1136,255,train
1a9654c65.jpg,5,436,2,751,255,train
1a9c38991.jpg,1,460,8,503,48,train
1aa2ba1b5.jpg,5,597,0,1535,255,train
1ab07605b.jpg,3,355,0,376,254,val
1ab7b5ed2.jpg,5,23,0,714,233,train
1abb621ee.jpg,1,1444,94,1481,250,val
1ac437ea4.jpg,5,0,0,448,255,train
1ad10c316.jpg,1,686,4,713,45,train
1ad82d66a.jpg,5,659,0,1426,255,train
1ada6a7ac.jpg,5,3,0,1579,255,train
1ae56dead.jpg,6,944,143,979,186,train
1ae581a9b.jpg,3,939,170,1192,215,train
1aedfd7ab.jpg,5,446,0,1041,255,train
1af650ab4.jpg,5,280,0,1597,249,val
1b053c667.jpg,3,1393,0,1598,255,train
1b12de419.jpg,5,859,70,1415,254,train
1b213d816.jpg,1,722,193,763,255,train
1b2c029b8.jpg,5,487,0,1545,255,train
1b4642fd5.jpg,3,559,147,590,255,val
1b52ec552.jpg,3,648,2,663,255,train
1b5427b35.jpg,4,402,180,894,255,train
1b6743f6e.jpg,5,840,0,1209,255,train
1b6aefdb7.jpg,3,637,1,658,252,train
1b7669eb4.jpg,5,498,1,1599,255,train
1b7bec2ba.jpg,1,727,141,758,215,train
1b7e426bc.jpg,3,693,1,714,255,train
1b88aba1a.jpg,1,1313,204,1346,233,train
1b8ef5392.jpg,5,451,0,1131,255,val
1b93e337a.jpg,3,971,0,1115,255,val
1b955ad28.jpg,3,876,1,912,255,train
1b9fb7411.jpg,3,910,0,1124,113,train
1b9fb7411.jpg,4,0,0,1336,255,train
1ba01937f.jpg,4,6,24,207,252,train
1bb1e1055.jpg,3,1039,0,1073,254,val
1bc37a6f4.jpg,3,1186,109,1338,255,train
1bd394dd6.jpg,3,1214,0,1298,255,val
1bd3a1f4c.jpg,3,600,0,633,167,train
1bdb7f26f.jpg,1,1009,9,1031,255,train
1bdcc6338.jpg,3,1083,0,1111,254,train
1be49cb6f.jpg,3,18,2,67,255,train
1be849dd0.jpg,5,1078,0,1428,255,train
1be84c6a7.jpg,5,514,100,1314,229,train
1bea66c7a.jpg,4,357,89,523,255,train
1bed9264f.jpg,2,849,0,903,254,train
1bf49d46e.jpg,3,1216,110,1434,169,train
1bf758d80.jpg,3,1390,1,1412,255,train
1c029a278.jpg,3,1244,0,1279,255,train
1c0d8bcd0.jpg,3,695,1,712,248,train
1c18acd30.jpg,3,834,156,938,255,train
1c19efedd.jpg,5,639,0,1255,255,train
1c1ca0221.jpg,2,375,0,399,155,train
1c1ca0221.jpg,3,590,0,608,255,train
1c2879d0d.jpg,3,1187,1,1215,255,train
1c32b8c83.jpg,3,869,1,904,255,train
1c3a58b06.jpg,3,842,0,886,255,val
1c493aed1.jpg,5,17,1,1175,255,train
1c61eaea9.jpg,3,402,0,506,255,train
1c6625114.jpg,5,461,0,1033,255,val
1c75c4ebd.jpg,5,424,0,986,255,train
1c8802c08.jpg,4,861,0,1349,254,train
1c96b0bbc.jpg,2,933,0,961,255,val
1c97d1861.jpg,5,466,0,1190,255,train
1ca7f19cf.jpg,3,468,129,563,204,train
1cac6e1f3.jpg,1,724,86,779,182,train
1cac6e1f3.jpg,3,1359,19,1417,205,train
1caea18fc.jpg,5,508,53,1022,220,train
1cb26b10a.jpg,5,526,0,1397,255,train
1cb27ff90.jpg,3,1056,0,1078,255,val
1ccb093e6.jpg,2,537,13,562,255,val
1cdbad7d2.jpg,3,1185,21,1355,255,train
1d00226a0.jpg,1,136,57,485,249,train
1d0521214.jpg,3,1085,0,1286,255,val
1d0861206.jpg,1,489,0,582,201,val
1d28002da.jpg,5,233,1,1004,255,train
1d32009ed.jpg,3,62,1,83,254,train
1d34ad26c.jpg,6,1262,17,1309,255,train
1d4a5181e.jpg,3,1205,0,1240,178,train
1d4d33873.jpg,3,733,158,843,255,val
1d56ccf70.jpg,3,1272,28,1443,213,train
1d5ad5541.jpg,3,1422,139,1478,232,train
1d5eeb9bd.jpg,5,354,3,950,255,val
1d5f3ecb8.jpg,5,829,11,1457,235,val
1d66a6fb4.jpg,5,1061,0,1366,255,train
1d66a6fb4.jpg,4,774,81,1254,255,train
1d694b8dc.jpg,3,274,172,322,240,train
1d71764d0.jpg,4,1061,2,1320,255,train
1d718ddb9.jpg,2,472,0,498,214,train
1d7f05244.jpg,5,610,27,1188,255,train
1d7f89efa.jpg,5,251,0,1480,255,train
1d7f89efa.jpg,4,1101,0,1303,229,train
1d83b44be.jpg,6,1320,0,1350,255,val
1d99e94a9.jpg,3,970,0,1018,245,val
1dac7069c.jpg,5,681,1,1311,254,train
1dba99dc5.jpg,5,5,1,774,255,train
1dc0e1d12.jpg,3,117,127,183,210,train
1dc68a7a7.jpg,3,850,0,1088,255,train
1dc8a43ce.jpg,5,658,1,1424,252,train
1dd76fb74.jpg,5,1169,0,1599,243,train
1dd8107e9.jpg,3,682,1,707,252,train
1de3fbfda.jpg,4,220,163,553,255,train
1deada184.jpg,1,832,3,864,87,train
1def10240.jpg,3,761,0,934,59,train
1df34bed6.jpg,3,723,0,920,254,train
1df9eefe5.jpg,2,568,0,596,255,train
1e01ad32d.jpg,4,794,183,1171,253,train
1e0220d5c.jpg,3,485,0,590,46,train
1e0980950.jpg,5,300,40,1546,255,train
1e1d1606e.jpg,4,876,21,1109,255,train
1e1f0b7b0.jpg,3,1160,43,1190,93,train
1e2bd7ad0.jpg,1,1484,0,1501,47,train
1e4aaae3e.jpg,3,695,0,713,223,val
1e4cf3b70.jpg,3,1017,0,1064,254,train
1e4e988cd.jpg,3,1176,16,1320,236,train
1e57c8073.jpg,3,26,0,109,255,train
1e742caeb.jpg,3,917,22,931,194,val
1e742caeb.jpg,4,87,0,607,255,val
1e75373b2.jpg,1,782,0,898,255,train
1e7893a11.jpg,3,633,83,786,141,train
1e7b96509.jpg,3,542,0,981,108,train
1e7c529a2.jpg,3,724,166,1296,232,train
1e893e86c.jpg,5,78,182,1599,255,train
1e954c608.jpg,5,174,0,1598,255,train
1e95fc3d7.jpg,1,1453,18,1480,255,val
1e95fc3d7.jpg,3,887,0,911,242,val
1e963d7f6.jpg,3,567,117,937,213,train
1e979fb66.jpg,3,951,144,1347,255,train
1e9aec741.jpg,5,550,31,865,255,train
1ea25d4fa.jpg,5,350,0,615,255,val
1ea40df0e.jpg,3,882,2,921,234,val
1ea493a4f.jpg,5,457,0,1266,255,val
1eb697fe5.jpg,1,902,0,929,255,train
1ebd7aba5.jpg,3,1323,92,1352,224,train
1ec98acac.jpg,3,53,0,294,255,train
1ecd0214c.jpg,3,7,100,222,204,train
1ed75107a.jpg,3,1322,132,1408,229,val
1ee38e570.jpg,3,1202,1,1233,254,train
1ef276277.jpg,3,494,0,508,255,val
1ef27af60.jpg,4,298,0,1305,255,val
1ef476f3c.jpg,3,1201,6,1361,201,train
1efdd626e.jpg,1,858,59,925,140,val
1efff24a0.jpg,5,471,0,1032,255,val
1f06bd0a5.jpg,1,244,0,1015,214,val
1f117b19e.jpg,6,1342,153,1402,220,train
1f1426f32.jpg,3,1173,45,1225,255,train
1f3c86c6f.jpg,3,1099,3,1128,255,train
1f3e0b337.jpg,3,1023,107,1049,204,train
1f4161475.jpg,1,276,60,566,255,train
1f43421a7.jpg,5,169,71,1157,163,train
1f5cd4df7.jpg,3,46,183,903,255,train
1f6807921.jpg,5,476,0,1115,255,train
1f6915575.jpg,5,0,118,839,255,train
1f7b64701.jpg,6,292,14,1262,211,train
1f7e9363d.jpg,5,368,0,1534,237,train
1f8ea6702.jpg,3,533,41,564,116,train
1f9863963.jpg,4,902,148,1004,248,train
1f9b8e2e6.jpg,5,73,0,1351,255,train
1f9f97b80.jpg,5,920,0,1252,255,train
1fa0c8951.jpg,3,379,153,437,255,val
1fc012f23.jpg,5,399,0,1559,255,train
1fc012f23.jpg,4,122,25,1469,255,train
1fc4c5a4b.jpg,3,689,0,708,255,train
1fcecb643.jpg,3,1111,0,1338,255,train
1fd098a38.jpg,1,704,0,740,189,train
1fdef786c.jpg,5,571,0,1177,255,val
1fdef786c.jpg,4,0,0,185,255,val
1fe327594.jpg,5,0,74,1278,131,val
1feaa8b3f.jpg,5,391,0,1573,221,train
1fed233e0.jpg,1,1429,22,1480,204,train
1ff3214db.jpg,3,1163,1,1182,246,train
1ffe887dd.jpg,1,1426,0,1519,177,train
1ffe887dd.jpg,2,1487,0,1530,255,train
200992bc9.jpg,3,1165,3,1221,255,train
200e555b4.jpg,4,184,113,223,175,train
2012a6d02.jpg,2,850,89,861,193,train
201560907.jpg,5,103,0,766,255,val
2019417e0.jpg,5,76,0,1060,255,train
201f7cd69.jpg,1,709,158,754,227,train
202838a14.jpg,4,443,2,1013,251,train
204949166.jpg,1,321,0,449,254,train
204bcfc88.jpg,1,401,2,1240,255,train
205360569.jpg,5,917,0,1457,255,train
205685883.jpg,1,891,95,939,197,train
205685883.jpg,2,908,49,919,255,train
205e05371.jpg,5,574,33,995,255,train
20617dd9a.jpg,3,1249,0,1359,239,train
206c20ee0.jpg,3,635,12,703,250,train
206c8bb0c.jpg,2,927,119,941,255,train
207d87ea7.jpg,3,646,4,777,255,train
207e88d4a.jpg,3,1065,0,1243,255,train
207f33325.jpg,5,698,0,1158,255,train
208825e67.jpg,5,839,128,1374,249,train
20905c068.jpg,5,17,0,1426,255,train
20964a4f0.jpg,5,151,0,473,253,train
20964a4f0.jpg,4,83,2,740,247,train
209e34a89.jpg,5,184,0,1023,255,train
20a894ca5.jpg,5,605,0,1195,255,train
20bb27a04.jpg,2,87,0,110,255,train
20bee9bda.jpg,5,0,32,1599,165,train
20dec6c22.jpg,5,873,0,1178,255,val
20e93e1cb.jpg,3,1161,52,1310,237,val
20ed61e3a.jpg,3,372,0,513,255,train
20edbd1a8.jpg,3,1048,0,1202,255,train
20edbd1a8.jpg,4,411,6,881,145,train
2111e4f3f.jpg,3,1314,48,1358,243,train
2122b99c0.jpg,1,749,8,785,88,train
21365e1a3.jpg,3,169,0,245,255,train
214465021.jpg,2,332,0,351,255,train
214b9bd1a.jpg,3,1198,17,1427,255,train
215dc201f.jpg,5,800,0,1567,252,train
215edd511.jpg,2,1381,45,1399,254,train
2176b94a5.jpg,3,1019,1,1197,255,train
2188f5429.jpg,3,784,82,1054,175,train
218bbc6fe.jpg,3,703,0,728,216,train
219621d5d.jpg,3,1291,1,1303,107,train
21a0c7160.jpg,5,211,16,662,255,val
21a5d2ddb.jpg,4,667,7,1592,252,train
21ab6a3b2.jpg,1,65,15,473,255,val
21ab6a3b2.jpg,5,856,71,1562,221,val
21ac40700.jpg,2,911,52,963,255,train
21af0ec58.jpg,5,21,0,412,255,train
21b335784.jpg,5,743,20,1288,251,train
21bf9d854.jpg,1,489,26,519,163,train
21ea71d4a.jpg,3,312,3,362,255,train
21eb1e1aa.jpg,3,693,0,710,250,train
21ef20784.jpg,6,1333,60,1390,255,train
21f157362.jpg,5,171,0,860,255,train
21f89256c.jpg,1,748,29,791,88,train
21fb2df8d.jpg,6,81,13,1369,216,train
22031aa8f.jpg,3,519,0,762,255,train
22123f29f.jpg,1,1326,8,1374,209,val
221f866cc.jpg,3,709,2,727,255,train
2222a03b3.jpg,3,247,84,281,150,train
2232e0c11.jpg,5,523,0,1245,255,train
22458f946.jpg,6,894,144,917,196,train
2247fd7f0.jpg,3,580,0,771,255,train
2253d7244.jpg,5,231,0,1001,255,train
22553cebc.jpg,5,787,0,1289,254,train
225ef7f0d.jpg,5,202,0,1392,255,train
2261e0f9c.jpg,5,917,1,1258,255,train
226e7fd6c.jpg,5,688,0,1157,255,train
2276b004c.jpg,5,483,0,1185,255,train
227d0512b.jpg,3,1179,112,1329,255,train
22827c51d.jpg,3,1025,22,1075,255,train
2283f2183.jpg,3,786,0,824,221,val
229500455.jpg,6,220,23,762,255,train
229906ed1.jpg,3,141,0,358,254,train
22a125a81.jpg,3,1150,0,1362,254,train
22a825813.jpg,2,459,0,479,242,train
22b459911.jpg,3,564,173,637,255,train
22bd428e0.jpg,5,67,0,842,250,train
22cabd56f.jpg,5,691,0,985,255,train
22e05d569.jpg,5,448,0,1009,255,train
22e2195c1.jpg,3,705,0,723,255,train
22e9830a3.jpg,3,1167,96,1186,255,train
22ee0a368.jpg,3,1304,76,1337,255,train
22fb4b286.jpg,5,302,77,1293,255,train
23115ad3a.jpg,4,547,98,688,250,train
23120f506.jpg,3,1032,0,1083,255,train
232256b21.jpg,6,148,25,1099,255,train
232a62357.jpg,3,1222,0,1233,255,train
234ba0510.jpg,5,917,0,1226,255,train
235ba1dd3.jpg,3,643,0,788,255,train
2365be47a.jpg,5,121,87,1504,241,val
23783382d.jpg,5,928,0,1535,255,train
238cfd09f.jpg,3,121,0,225,157,train
238d6df92.jpg,5,810,0,1073,255,train
2395db536.jpg,3,1335,0,1373,254,train
23b06f857.jpg,4,998,97,1150,255,train
23b787894.jpg,3,1166,36,1313,228,val
23bb4d637.jpg,5,837,1,1176,255,train
23c3474fb.jpg,5,340,1,1075,255,train
23c450c03.jpg,1,36,6,70,94,train
23c9c6cba.jpg,3,938,30,1071,255,train
23d77b3df.jpg,5,362,0,1068,255,train
23db57033.jpg,3,202,0,283,255,train
23e4a530a.jpg,2,1495,1,1532,255,train
23e5dd080.jpg,6,499,84,528,195,val
23e7d294b.jpg,5,246,0,1001,255,train
24066d57e.jpg,6,565,52,584,123,train
24154161c.jpg,4,487,30,733,255,train
241abf136.jpg,3,1198,57,1463,255,train
241cd2982.jpg,3,658,0,864,255,train
241d3ed81.jpg,5,812,0,1596,148,train
24256f234.jpg,5,553,0,1281,255,train
242894fc4.jpg,4,497,105,653,254,train
2434f1395.jpg,3,3,0,110,254,train
24528b550.jpg,5,441,0,1599,204,train
2453b68e2.jpg,5,209,0,770,255,train
2467e2b6e.jpg,3,555,0,618,255,train
247108a1c.jpg,5,347,27,634,255,train
248220d45.jpg,5,15,17,701,255,train
248585a26.jpg,5,639,1,1548,255,train
248585a26.jpg,4,19,0,412,170,train
24884c39c.jpg,3,568,30,727,255,train
2490c490c.jpg,5,677,0,1102,255,val
2490c490c.jpg,4,82,0,215,255,val
2491d607d.jpg,5,424,0,1131,255,train
249f9dfdd.jpg,5,509,0,1175,255,train
24a91d324.jpg,3,1159,18,1341,250,val
24ae96cd5.jpg,4,0,85,194,252,train
24b29d740.jpg,4,559,142,653,254,train
24c9c291d.jpg,5,586,78,1593,251,train
24d46a3f8.jpg,3,1135,7,1142,216,val
24d88228f.jpg,5,506,0,1482,255,train
24db6ba0d.jpg,6,851,0,1503,197,train
24debd5d7.jpg,5,0,67,481,255,train
24e125a16.jpg,2,1496,174,1509,255,train
24e21e85a.jpg,5,488,22,1227,255,val
24e249331.jpg,3,1276,2,1426,255,val
24e3826ff.jpg,3,1001,0,1063,255,train
24fce7ae0.jpg,5,668,0,1397,254,train
24fdedc37.jpg,4,118,1,1563,255,train
250107a1b.jpg,3,620,0,648,255,train
2507ce3e3.jpg,5,21,1,1599,255,train
2511b27f5.jpg,3,190,104,223,173,train
251ed373d.jpg,3,1398,36,1424,60,val
2527831fa.jpg,3,1105,3,1316,211,train
252c10c1a.jpg,5,883,1,1248,255,train
252e1de8b.jpg,3,304,0,452,255,train
25337cb38.jpg,3,1197,0,1426,250,train
254c52b64.jpg,1,252,0,361,112,val
25515c2f6.jpg,5,517,0,1598,251,train
25548e840.jpg,3,420,1,496,253,train
2558c43bf.jpg,5,105,0,892,245,train
2558c43bf.jpg,4,1124,45,1578,255,train
2560e7b91.jpg,4,501,3,1596,250,train
25737d300.jpg,5,487,1,1182,255,train
259d812b3.jpg,5,628,43,1071,255,train
25b57b528.jpg,5,0,114,1416,255,train
25ba4dfae.jpg,5,735,0,1566,255,train
25ba4dfae.jpg,4,504,144,704,255,train
25c0df351.jpg,3,953,17,1014,138,train
25c8f7153.jpg,5,0,0,1586,255,train
25c940a74.jpg,3,891,1,1095,255,train
25ccece7f.jpg,3,1310,0,1357,81,val
25e74a78a.jpg,3,175,0,320,255,train
25f9a8622.jpg,4,0,0,337,239,val
25fc987a1.jpg,5,806,13,1520,104,train
260e316eb.jpg,4,896,1,1528,254,train
260ee2f59.jpg,3,658,0,818,255,train
2611b46f6.jpg,5,511,0,1487,255,train
261c6d458.jpg,5,74,3,740,255,train
26272c2a7.jpg,4,188,0,1599,255,val
262db4b7e.jpg,1,41,1,573,255,train
267aa0d33.jpg,5,249,0,1553,255,train
267aa0d33.jpg,4,943,0,1286,255,train
268446e17.jpg,2,1486,147,1501,255,val
268f0fa63.jpg,1,1360,189,1405,232,train
268f0fa63.jpg,3,663,77,678,237,train
2694c98fb.jpg,5,830,0,1599,255,train
26b0e74fe.jpg,5,610,0,945,255,train
26b980260.jpg,3,775,95,929,156,train
26c156283.jpg,1,884,121,1020,202,val
26c1fc24e.jpg,5,133,156,1161,231,train
26c3a7dd5.jpg,5,438,0,774,235,train
26d43765f.jpg,3,654,0,889,253,train
26f6f4c72.jpg,5,837,0,1204,236,train
270f5361d.jpg,5,171,0,1107,235,train
271551c4f.jpg,5,597,0,1562,255,train
2719e3b47.jpg,5,1095,0,1349,255,train
2720732e7.jpg,3,658,62,816,255,val
27207fb2e.jpg,3,696,2,710,254,train
2722e2ba6.jpg,3,814,0,838,255,train
2725ee8d6.jpg,3,1212,4,1275,255,train
2731f7830.jpg,5,614,0,1068,253,val
2731f7830.jpg,4,236,1,600,255,val
2741274d7.jpg,3,1176,42,1256,227,train
2744b6b26.jpg,5,805,0,1149,255,train
2745ecf6b.jpg,5,441,5,1528,187,train
2749c24a9.jpg,4,496,218,918,253,train
274b1d54b.jpg,3,502,1,638,255,val
2757df221.jpg,4,796,13,1596,166,train
275e3bca6.jpg,5,723,0,1274,255,train
276111a31.jpg,3,15,0,228,255,train
2770fe933.jpg,4,458,0,660,183,train
2776642e1.jpg,3,1266,1,1489,255,val
277b133dc.jpg,5,301,0,1400,255,train
277e3727f.jpg,3,679,0,702,253,val
277ebde3b.jpg,1,157,3,309,224,train
2789df930.jpg,2,465,130,478,255,train
278a21a00.jpg,5,445,0,1006,255,train
279af89c7.jpg,3,1324,0,1384,255,val
279b82aaf.jpg,3,1185,110,1333,255,val
27b1670da.jpg,3,767,0,823,249,train
27b7ce725.jpg,5,479,1,1574,255,train
27d95964a.jpg,1,669,86,722,236,val
27e291687.jpg,3,497,0,635,254,train
27f44281b.jpg,6,1450,3,1475,253,val
27f44281b.jpg,3,891,1,894,238,val
27f830690.jpg,3,485,0,538,255,train
27f99b836.jpg,1,123,30,526,243,val
27faa1de7.jpg,3,80,0,241,255,val
27fb17019.jpg,3,1340,0,1366,255,train
280dbbace.jpg,4,880,35,1108,197,val
28241874f.jpg,3,1039,133,1097,255,train
282425786.jpg,3,1123,0,1153,255,train
282cd397d.jpg,3,1463,0,1548,255,train
282cd397d.jpg,4,158,0,853,162,train
284639f13.jpg,1,138,32,352,221,train
284f0aee6.jpg,5,6,1,1580,255,train
285781401.jpg,1,58,0,503,214,train
28661fd17.jpg,5,858,5,1330,188,val
286d2eb1c.jpg,5,244,0,1343,238,val
286e0559b.jpg,5,159,4,1435,255,train
286f459e6.jpg,5,388,0,1242,255,train
286f459e6.jpg,4,591,25,785,233,train
289d03d64.jpg,5,756,0,1079,255,train
28a1ea8c2.jpg,3,52,0,252,255,train
28a3f7928.jpg,2,951,0,971,255,train
28a6ef562.jpg,3,521,3,614,123,train
28adb8aeb.jpg,1,949,1,1370,254,train
28bcb3a6e.jpg,3,1098,22,1112,255,train
28d523b58.jpg,1,499,0,1331,235,train
28edbd61f.jpg,5,59,0,1566,255,train
28f005ffe.jpg,3,840,25,900,159,train
28f8c53de.jpg,5,502,0,889,255,train
290e00273.jpg,4,799,88,1076,254,train
29124169b.jpg,5,803,0,1338,203,train
2912df978.jpg,3,1418,0,1504,87,train
2912e9e24.jpg,5,0,0,625,255,val
2929284cc.jpg,5,362,2,1117,255,val
2930b4f52.jpg,5,755,0,1588,255,val
2930b4f52.jpg,4,378,1,868,255,val
2932c0dd3.jpg,5,194,0,1550,255,train
29420c716.jpg,3,1202,152,1351,255,train
294c646fd.jpg,3,1059,52,1187,255,val
294d6d5f8.jpg,5,500,0,965,255,val
2959d7fb1.jpg,2,422,58,439,255,train
2969217e8.jpg,1,1482,1,1570,141,train
2969217e8.jpg,2,1488,0,1528,255,train
29694dc5d.jpg,4,653,0,1411,190,train
2992fff3f.jpg,5,800,0,1147,255,train
29936b461.jpg,6,77,0,878,214,val
2994546cf.jpg,5,1011,0,1482,255,train
2999deba3.jpg,3,808,80,843,129,train
299a15c20.jpg,3,1072,2,1099,255,train
299a15c20.jpg,4,189,1,782,255,train
299d06031.jpg,5,550,0,832,255,train
29a023a11.jpg,3,501,42,540,139,train
29ae2bdc9.jpg,4,723,160,1085,255,val
29c39b183.jpg,1,156,0,503,255,train
29c39b183.jpg,3,388,5,443,173,train
29d83d9ce.jpg,3,419,51,454,177,val
29da75230.jpg,3,831,20,865,255,train
29dc27ca2.jpg,3,324,0,378,255,train
29dcd28af.jpg,1,734,47,761,133,train
29df0834a.jpg,5,343,0,953,255,train
29e57e1de.jpg,3,1142,1,1360,255,val
29f50b1fd.jpg,6,1391,112,1422,159,train
29f80893c.jpg,3,46,17,121,105,train
29ff8d6f4.jpg,3,688,1,853,53,train
2a07798b5.jpg,3,417,4,463,224,val
2a113071b.jpg,3,1374,0,1401,254,train
2a184dcbe.jpg,5,663,0,1109,255,val
2a351164a.jpg,3,585,3,607,142,train
2a374ceaa.jpg,5,519,0,1591,255,train
2a407b8dd.jpg,5,1081,0,1488,255,train
2a4e81982.jpg,5,200,1,937,255,train
2a5fe1870.jpg,5,334,6,1357,255,val
2a6669d9a.jpg,5,169,0,1284,255,train
2a74520ed.jpg,5,937,1,1380,252,train
2a7f8bab0.jpg,2,446,0,464,217,train
2a84bb533.jpg,3,974,15,1095,255,train
2a95756e7.jpg,5,191,77,1163,255,train
2a9e93a87.jpg,1,503,0,1213,255,train
2ae658a56.jpg,5,381,0,1403,255,val
2b0055ed4.jpg,3,814,137,871,255,train
2b01fd731.jpg,2,443,0,477,244,train
2b0d476d6.jpg,2,462,127,478,255,train
2b15517b1.jpg,5,0,0,723,164,val
2b16d6f98.jpg,5,28,0,1557,255,train
2b1d39d53.jpg,3,1093,5,1272,245,train
2b1f20578.jpg,5,557,0,1426,255,train
2b33c67ea.jpg,5,878,0,1185,253,train
2b449bdcf.jpg,3,1153,166,1188,221,train
2b53843e0.jpg,5,38,4,1552,228,train
2b61e04e6.jpg,5,102,0,536,255,train
2b7315722.jpg,5,150,1,1568,255,train
2b8756d1b.jpg,3,330,22,380,112,train
2b8dfbe0b.jpg,1,52,34,1310,234,val
2b8fcb5b7.jpg,5,400,0,1476,254,train
2ba3dadde.jpg,5,227,1,491,255,train
2bad2deac.jpg,3,233,98,419,255,train
2bc3b7fce.jpg,5,720,0,1113,255,train
2bdb48c91.jpg,1,290,40,1195,240,train
2be0179d7.jpg,1,201,3,1406,145,train
2be0229b6.jpg,3,1455,0,1487,153,train
2bed8342d.jpg,4,1271,10,1506,123,train
2c061aed6.jpg,5,30,53,1594,214,train
2c113de25.jpg,1,709,2,745,255,train
2c18ac76d.jpg,6,784,205,808,240,train
2c23eefec.jpg,3,1426,90,1456,204,train
2c24736d5.jpg,3,1340,0,1361,142,train
2c37ea89f.jpg,6,375,64,928,205,train
2c37ea89f.jpg,3,992,7,1165,104,train
2c39e6ccb.jpg,5,0,0,1557,255,val
2c445e6a9.jpg,3,260,0,471,163,train
2c4b101db.jpg,3,1029,0,1059,255,train
2c4b101db.jpg,4,426,149,687,255,train
2c4fd555c.jpg,5,1043,0,1490,255,train
2c56741a3.jpg,5,116,0,1581,255,train
2c63f60e3.jpg,3,1347,0,1417,255,val
2c64d5644.jpg,5,626,0,1473,255,train
2c6b52b3f.jpg,5,3,0,1027,255,train
2c6ee79c9.jpg,5,0,64,1501,251,train
2c7e26f0d.jpg,1,382,45,1469,223,val
2c8c3cb8a.jpg,4,267,26,712,255,train
2c8d08d8d.jpg,3,1408,1,1449,56,train
2c956317b.jpg,1,525,0,574,113,train
2ca3581f8.jpg,5,136,0,1598,255,train
2cca3ddab.jpg,3,1013,0,1243,255,val
2ccef61c3.jpg,4,3,0,520,217,train
2cd524ca5.jpg,5,520,0,1344,245,train
2ce026ee0.jpg,3,682,1,706,255,val
2cf487578.jpg,5,0,136,1006,255,train
2cf9274ea.jpg,6,718,119,741,255,val
2cfa58247.jpg,5,354,0,1169,255,train
2cfa58247.jpg,4,0,85,237,255,train
2cfa7ea6f.jpg,1,547,170,568,255,train
2d15d9135.jpg,3,1192,0,1219,255,train
2d1658337.jpg,3,981,144,1026,255,train
2d196857a.jpg,5,0,1,1370,255,train
2d26b9dda.jpg,1,1405,141,1439,192,train
2d37a1ebe.jpg,4,1485,1,1592,255,train
2d4471837.jpg,3,735,83,875,255,train
2d61e4f9f.jpg,3,157,29,267,157,train
2d61e4f9f.jpg,4,1257,0,1598,251,train
2d759458e.jpg,1,1454,33,1478,83,train
2d8146e53.jpg,6,944,7,962,35,val
2d8215a6b.jpg,4,1491,2,1597,83,val
2d86d4f15.jpg,3,1369,15,1377,41,val
2d8cef5f6.jpg,5,429,0,1241,255,train
2d8e8e789.jpg,3,4,18,262,255,train
2d94df675.jpg,5,920,4,1352,252,train
2db969d6b.jpg,5,4,0,1599,225,train
2dbd01639.jpg,5,228,0,900,255,val
2dc31340a.jpg,5,176,1,1438,255,train
2dc3dd0a6.jpg,6,768,173,795,237,val
2dcff4a4e.jpg,5,150,0,1286,255,train
2dd290c91.jpg,3,1099,93,1125,255,train
2dd360833.jpg,5,0,137,1598,233,train
2de22f59f.jpg,6,1352,205,1390,255,train
2debaa43a.jpg,3,1202,93,1363,255,val
2decb23b0.jpg,3,1169,111,1325,255,train
2ded1960e.jpg,3,1199,0,1448,255,train
2df1da5bd.jpg,3,943,0,1141,255,train
2e10357c2.jpg,1,752,0,995,235,val
2e12e1c6a.jpg,3,1092,38,1306,255,val
2e29001f1.jpg,1,243,0,1368,245,train
2e29001f1.jpg,5,495,0,1127,120,train
2e2f5467c.jpg,5,156,0,1093,255,val
2e35ebe13.jpg,5,356,11,1470,255,train
2e3b354cd.jpg,3,839,0,855,127,val
2e4da1fd1.jpg,3,1214,1,1363,199,train
2e4fefc28.jpg,5,36,0,1599,255,val
2e55a1149.jpg,5,53,0,782,202,train
2e5dab72b.jpg,5,1,54,1419,255,train
2e69715ac.jpg,3,825,22,889,173,train
2e734ff06.jpg,3,941,0,1016,255,train
2e8489244.jpg,5,489,0,1273,255,train
2e84c0c34.jpg,3,1170,32,1321,228,train
2e8733afa.jpg,4,724,107,943,227,train
2e8734c46.jpg,4,198,0,547,220,train
2e8f2ddb8.jpg,3,689,117,846,178,train
2e9170c14.jpg,3,1088,2,1106,255,train
2e97e0251.jpg,3,1003,158,1589,254,train
2ea4ad171.jpg,1,1335,66,1359,245,train
2eae7322b.jpg,5,813,0,1420,255,val
2eb50a13e.jpg,3,673,2,694,254,train
2ec10042f.jpg,1,727,0,771,83,train
2ec116cea.jpg,3,1282,0,1598,188,val
2ec9eddd4.jpg,5,664,0,1286,255,train
2ede3bc01.jpg,4,193,110,1595,232,train
2eeed5102.jpg,1,1128,16,1172,207,train
2ef5b3de1.jpg,3,1075,119,1108,255,val
2ef6ad027.jpg,5,539,0,1035,255,train
2efdba8cd.jpg,3,826,67,876,169,val
2eff528e8.jpg,3,1033,0,1252,117,train
2f06514ea.jpg,3,1260,45,1546,255,val
2f2053eff.jpg,3,186,0,242,63,train
2f3277628.jpg,4,870,2,1599,228,val
2f390008f.jpg,5,537,15,988,255,train
2f54e2c00.jpg,4,341,63,549,255,train
2f5690028.jpg,5,681,0,1370,255,train
2f6858a91.jpg,3,125,102,138,135,train
2f69f62ae.jpg,3,857,118,1020,179,train
2f6b7235e.jpg,3,392,27,480,143,train
2f6c4d0e7.jpg,1,778,0,810,119,train
2f6fd7d87.jpg,3,1104,1,1155,255,train
2f7334d6f.jpg,5,491,4,1185,255,train
2f81193e3.jpg,5,66,13,1482,255,val
2f8559032.jpg,4,1269,23,1415,250,train
2f8cf11d3.jpg,3,465,3,507,255,train
2fa3a9f3e.jpg,5,883,0,1186,255,train
2fa4df2ed.jpg,3,272,65,381,138,train
2fa996a4c.jpg,5,60,2,1361,255,train
2fbdc1244.jpg,3,683,0,705,254,train
2fcfb108a.jpg,5,209,0,491,254,val
2fcfb108a.jpg,4,900,3,1156,255,val
2fe09e89a.jpg,3,995,42,1262,255,train
2fe9f78c9.jpg,3,1318,188,1452,225,val
2fff134c7.jpg,5,352,0,641,255,train
30070d59d.jpg,3,180,0,244,255,train
300a00766.jpg,5,386,1,1136,255,train
300c525ff.jpg,3,1283,33,1434,183,train
3012f44e9.jpg,5,422,0,1535,255,train
301601620.jpg,6,393,0,1245,255,train
30171214c.jpg,3,43,0,280,255,train
301fc5e57.jpg,5,186,24,1598,255,train
3035a46b7.jpg,5,625,125,1155,255,val
303f25bee.jpg,4,298,1,861,253,train
304083ca3.jpg,4,1,9,1107,253,train
3041d63ba.jpg,3,613,1,825,255,train
3055bb5b8.jpg,5,931,0,1509,255,train
306415665.jpg,5,1,0,1591,255,train
306b1dbc1.jpg,5,151,0,1187,255,train
3071e65a5.jpg,5,380,0,1579,254,train
30799f11c.jpg,3,812,0,905,255,val
3088a6a0d.jpg,2,95,8,108,255,train
308c978a7.jpg,5,264,0,1285,255,val
308cc088e.jpg,1,190,0,1303,255,train
308f2e562.jpg,4,825,35,1030,141,train
309488202.jpg,1,1350,57,1378,88,train
30a6a340c.jpg,2,1483,73,1517,255,train
30ba0b89a.jpg,5,882,1,1182,255,train
30bb7b7a3.jpg,3,3,0,109,255,train
30c2d753f.jpg,3,42,0,117,255,train
30d00096d.jpg,3,837,177,937,214,train
30e2ae8a6.jpg,5,1081,2,1393,255,train
30e863a30.jpg,5,570,0,1149,255,train
30ed4ed02.jpg,4,652,18,1084,253,train
30f6cb778.jpg,5,686,0,1571,255,train
30f6cb778.jpg,4,0,0,701,228,train
3116edfe6.jpg,3,804,191,880,252,train
311edf4e4.jpg,1,1336,80,1419,225,train
311f6c34f.jpg,3,936,2,963,255,train
312224509.jpg,4,34,81,1351,230,train
3124b1e5c.jpg,5,142,34,931,163,train
31262e8f9.jpg,3,1151,1,1183,252,val
313b9ba80.jpg,1,725,172,743,241,train
313c72ff8.jpg,5,193,0,476,255,train
31433d3b4.jpg,4,319,0,525,197,train
315405789.jpg,4,1287,163,1362,245,train
3155bc129.jpg,5,1,2,1371,173,train
31579309c.jpg,3,603,37,643,82,train
3158e73b2.jpg,5,715,1,1067,255,train
3159ee27a.jpg,5,0,16,521,255,train
316414f82.jpg,3,340,11,417,49,train
316f0236a.jpg,3,63,63,96,254,train
316f0cc50.jpg,5,0,120,897,220,train
31716f6ae.jpg,5,4,50,1325,255,train
31a1081e9.jpg,4,835,77,1115,255,train
31a43a534.jpg,5,43,10,790,255,train
31acd60ad.jpg,5,0,0,368,255,train
31cf10f6e.jpg,3,3,6,1316,49,val
31deb6516.jpg,1,312,0,569,208,train
31dee4189.jpg,3,1184,80,1547,231,train
31e86cf3a.jpg,3,681,1,705,255,train
31eda6a87.jpg,3,260,0,288,191,train
31f71b8a4.jpg,3,576,19,595,69,train
31fdbb560.jpg,4,36,3,195,97,train
320557243.jpg,1,1373,0,1401,102,train
321975fb3.jpg,3,678,0,693,255,train
321a6df3f.jpg,3,462,156,865,255,train
3221a0d79.jpg,1,235,4,644,255,train
323c5a20b.jpg,5,445,74,1318,233,train
32578d3e5.jpg,5,879,0,1247,255,train
3266ff34d.jpg,5,262,0,1019,255,train
326d25e8c.jpg,3,778,3,864,255,train
326f2e4b7.jpg,3,998,134,1517,255,train
328c0fc75.jpg,5,0,1,1406,255,train
3294c9bd1.jpg,1,62,25,373,255,train
3294c9bd1.jpg,3,1151,12,1234,73,train
329de935b.jpg,3,941,55,1001,234,val
32a6666a3.jpg,3,1554,0,1579,255,train
32dca5f32.jpg,5,697,2,1188,250,train
32eca38d5.jpg,5,88,21,1340,255,train
32ed255a4.jpg,5,14,67,1012,255,train
32efbaf94.jpg,5,122,0,1597,255,train
32fa68bed.jpg,3,991,202,1176,255,val
33226811d.jpg,3,1148,0,1339,251,train
3325e2266.jpg,1,297,3,486,231,val
3328c4bf9.jpg,5,44,0,1297,254,train
332e21cbc.jpg,2,434,11,450,182,train
33368929c.jpg,2,500,182,514,255,train
333832839.jpg,3,688,0,849,255,train
334a77fc4.jpg,3,1004,0,1097,255,val
334ecf3c3.jpg,3,686,1,706,254,train
33514c0b1.jpg,5,71,0,1382,255,val
335be17fa.jpg,3,136,0,267,199,train
33705a505.jpg,3,1256,26,1281,255,train
33754aa9b.jpg,5,102,0,875,255,train
3377332c0.jpg,5,41,0,1326,146,train
3385f9e14.jpg,5,626,82,1267,255,val
338d3b828.jpg,1,929,62,973,137,train
338d3b828.jpg,2,955,133,969,255,train
33945043e.jpg,6,160,118,280,184,train
33a479d47.jpg,4,176,174,390,247,train
33a4b4335.jpg,3,1178,0,1354,195,val
33ab15385.jpg,5,352,0,1318,255,val
33acf300d.jpg,3,1039,0,1130,255,train
33c961de1.jpg,5,229,0,992,255,train
33d4fefac.jpg,5,814,0,1131,255,train
33e32bbf2.jpg,6,98,0,604,251,train
33f34b728.jpg,3,903,96,930,255,val
33f5cdc5e.jpg,4,305,3,664,249,train
3405695b6.jpg,3,599,0,766,255,train
3412f557e.jpg,5,20,0,1373,255,train
342a65f7b.jpg,3,1395,69,1426,254,train
342a65f7b.jpg,4,500,128,591,200,train
34349ea9e.jpg,4,19,55,108,161,train
343e101ee.jpg,3,1035,0,1204,255,train
34561de46.jpg,3,836,63,879,103,val
345cf1dc3.jpg,3,1194,2,1222,255,train
3463eedaf.jpg,3,648,2,665,254,val
3467968c0.jpg,3,1481,0,1551,254,train
34913b58d.jpg,1,1322,94,1363,177,train
349baa83f.jpg,5,141,0,1280,255,val
349be04dc.jpg,1,1184,3,1225,134,train
34a5114d6.jpg,5,697,2,1508,246,train
34a5114d6.jpg,4,361,0,630,100,train
34a94858a.jpg,5,993,0,1598,255,val
34d5479f3.jpg,5,9,59,770,255,train
34d73f3ad.jpg,6,183,41,402,255,val
34d73f3ad.jpg,5,458,53,1410,219,val
34ee04d85.jpg,3,1145,1,1161,255,train
34f8faf6d.jpg,3,935,124,982,155,train
3505dd9f3.jpg,5,0,65,1599,255,train
351569b6a.jpg,5,480,0,1311,255,train
351936382.jpg,5,112,0,768,255,train
352063998.jpg,1,4,7,1411,174,train
3520eaa6d.jpg,3,1279,0,1332,31,train
35248a277.jpg,3,1193,0,1353,238,val
35271f898.jpg,5,733,0,1334,255,val
352c15e36.jpg,3,1177,0,1260,255,train
353e60eef.jpg,3,140,20,202,255,train
354760e3e.jpg,3,61,172,81,181,val
354bf035a.jpg,4,173,10,310,81,val
35665c5b9.jpg,3,1239,0,1449,255,train
356e7a71a.jpg,5,4,0,1086,255,train
357dee65a.jpg,5,336,117,989,255,train
359442214.jpg,5,614,0,1456,254,train
359442214.jpg,4,926,73,1061,187,train
3598309b5.jpg,3,1036,155,1357,194,train
359e3fb7c.jpg,3,1199,0,1360,195,train
35a8b85a8.jpg,4,1414,6,1593,109,train
35a9b77c6.jpg,4,861,1,1596,236,train
35c80b6f0.jpg,3,779,176,1331,255,train
35ce31284.jpg,3,1416,0,1446,236,val
35d142883.jpg,5,501,3,1077,253,train
35d142883.jpg,4,516,166,840,255,train
35fdf5c15.jpg,3,993,0,1124,255,train
36025df84.jpg,4,518,1,1561,227,train
3604dfc38.jpg,3,1067,0,1173,255,train
362b4c3d0.jpg,5,1124,0,1526,255,train
363e841ad.jpg,3,654,0,843,255,train
363eb9fdc.jpg,3,1187,0,1209,255,train
364c83806.jpg,3,1169,82,1315,254,val
3672e84bc.jpg,3,1299,7,1447,170,train
367553727.jpg,5,308,0,642,194,train
36789516a.jpg,3,719,72,778,169,train
3684a95a8.jpg,3,1432,4,1449,251,val
3688df8e4.jpg,5,201,94,1016,234,train
36979a804.jpg,6,1303,2,1419,255,train
369ac4b0a.jpg,4,371,0,815,255,val
36a3259fa.jpg,5,59,0,1069,255,train
36a39e435.jpg,4,0,95,193,224,train
36a689ebf.jpg,3,1458,1,1470,255,train
36a804181.jpg,3,721,0,746,212,train
36b8651aa.jpg,5,0,0,1423,255,val
36c07efbe.jpg,3,376,0,443,255,val
36cd2cde0.jpg,5,0,63,1592,255,val
36e512a45.jpg,6,436,34,914,255,train
36ea9270d.jpg,3,573,0,675,255,train
36ee3149e.jpg,4,1228,0,1443,177,val
37009c774.jpg,5,176,0,618,255,val
3704cdfd6.jpg,1,125,0,405,254,val
370b998e7.jpg,5,684,0,1370,251,train
3711a5456.jpg,4,555,2,1595,252,val
3711ecc93.jpg,5,311,0,714,255,train
37333b84a.jpg,3,1034,0,1126,255,val
3738d1881.jpg,5,0,3,836,255,train
373c6898f.jpg,3,1,4,132,255,train
373daa632.jpg,5,90,0,850,255,val
373ebde8b.jpg,1,405,0,1002,247,val
3740a6dd1.jpg,3,1086,0,1108,172,val
374493292.jpg,4,0,41,94,252,train
374d9c63f.jpg,4,916,30,1333,244,val
376d2291e.jpg,3,1150,0,1365,255,train
37782387c.jpg,3,1185,34,1361,254,val
377bb3c23.jpg,5,0,0,760,255,val
377ff90ad.jpg,5,431,0,1135,255,train
379e98755.jpg,5,462,0,1289,255,train
37acd89d2.jpg,3,968,39,1010,86,train
37bc122bd.jpg,3,342,104,526,255,train
37d1f8b36.jpg,4,1216,141,1341,253,train
37d48f05d.jpg,1,219,0,855,239,train
37da29373.jpg,5,130,8,889,255,val
37df5752a.jpg,1,1428,123,1443,204,train
37e7f9554.jpg,5,1068,0,1325,252,train
37ea06e86.jpg,4,5,1,559,99,val
37f331c96.jpg,3,1008,123,1195,255,train
37f4c573f.jpg,5,541,0,1363,255,val
37f4e9602.jpg,5,291,7,1276,176,train
380c01646.jpg,6,292,41,1095,165,train
380e3ba93.jpg,1,1390,62,1412,163,train
382b517ee.jpg,3,69,0,317,255,train
383d5f225.jpg,3,1299,134,1324,255,train
3846a8c0c.jpg,3,700,1,724,254,train
384f7f848.jpg,3,654,1,669,253,train
3856224a4.jpg,5,41,0,1468,255,val
385e1970e.jpg,5,461,1,1025,255,train
385f6dc61.jpg,3,1004,0,1159,255,train
3860f3d39.jpg,4,1,3,1596,255,train
38698fd76.jpg,3,417,0,594,254,train
38760254d.jpg,3,1004,0,1105,255,train
387b30006.jpg,5,167,1,873,255,val
3888ec2cd.jpg,1,366,0,1185,220,train
388e36308.jpg,3,193,47,294,226,val
38a1d7aab.jpg,4,471,1,1313,228,train
38a63550b.jpg,4,1389,146,1491,255,train
38aeffe92.jpg,1,777,0,1413,249,train
38b513f44.jpg,5,1075,0,1456,255,train
38b921939.jpg,5,649,1,1372,254,train
38b921939.jpg,4,399,16,474,195,train
38bca093c.jpg,4,220,195,440,255,train
38c25b61a.jpg,2,1465,0,1493,248,train
38c61fdee.jpg,3,1212,132,1572,255,train
38c61fdee.jpg,4,45,0,546,226,train
38f4e6d5a.jpg,5,345,1,1474,255,train
38f7b097e.jpg,5,769,0,1249,255,train
390e9ea29.jpg,5,926,0,1263,255,train
391b766d3.jpg,3,743,43,777,255,train
3932751f1.jpg,4,1189,2,1575,212,val
3933a5fcc.jpg,4,364,0,648,252,val
394edb848.jpg,5,134,0,735,255,train
395381ac8.jpg,3,1250,0,1328,73,train
395e96be9.jpg,5,125,0,1580,254,val
3964357cd.jpg,4,2,5,1435,252,train
397221566.jpg,5,523,0,1033,255,train
3974a2a75.jpg,5,344,0,1120,253,train
3979d10ac.jpg,3,1069,0,1119,255,train
397bdbbf6.jpg,3,1263,1,1298,255,train
397c6e139.jpg,3,1241,29,1435,254,val
398a5b6a9.jpg,3,853,110,986,218,train
398bf3c20.jpg,3,1239,161,1273,255,train
398ea43ed.jpg,3,655,183,819,248,val
398ecb719.jpg,3,1140,0,1222,242,train
398ff41cf.jpg,3,1048,2,1060,252,train
39960c9e9.jpg,4,565,106,1596,253,val
39ae1a183.jpg,4,0,16,334,221,train
39b2dbb9b.jpg,3,518,49,605,236,val
39b6f2376.jpg,6,502,105,675,251,train
39b8cb37a.jpg,4,1111,9,1346,250,val
39bec5e5e.jpg,6,219,0,270,240,val
39c094b3d.jpg,6,1408,0,1432,128,train
39c094b3d.jpg,3,659,1,703,254,train
39d07881e.jpg,3,382,158,410,255,train
39e365d3b.jpg,3,42,151,506,239,train
39e4216eb.jpg,5,352,18,643,255,train
3a03385b5.jpg,5,812,0,1127,255,train
3a0a9a167.jpg,6,1470,202,1489,240,train
3a0e5cad8.jpg,3,1445,0,1464,253,train
3a0f17afd.jpg,6,13,73,37,255,train
3a14b011a.jpg,5,340,1,1308,197,train
3a153274d.jpg,6,772,8,797,80,val
3a222ca8a.jpg,5,13,42,1242,255,val
3a2f71136.jpg,3,1180,110,1326,254,train
3a43adb32.jpg,3,579,0,889,138,val
3a4edbde9.jpg,1,705,119,767,189,train
3a4f825e7.jpg,5,1120,0,1491,255,train
3a5246d98.jpg,5,189,0,1598,255,train
3a53d95f3.jpg,3,49,0,95,111,train
3a66177ea.jpg,5,605,43,1188,255,train
3a6a4078f.jpg,5,723,0,1233,255,val
3a773f5e3.jpg,5,584,0,959,255,train
3a7d9b5c1.jpg,2,443,0,468,255,val
3a7eee423.jpg,5,386,0,1561,255,train
3a8d0b7ba.jpg,6,1401,0,1459,99,val
3a96940c6.jpg,1,369,37,1166,238,val
3a9bcbdbf.jpg,4,0,97,613,255,train
3aaaf3e64.jpg,5,683,0,1005,254,val
3ab1a7324.jpg,1,1423,41,1470,254,train
3ab4ca44c.jpg,3,1230,34,1470,120,train
3abba0c59.jpg,5,137,0,944,255,train
3abc94d79.jpg,3,52,0,231,255,train
3ac0f7ad1.jpg,5,127,22,1283,179,train
3ac71c924.jpg,5,749,3,1452,164,train
3ace653be.jpg,6,749,68,777,218,train
3ace682cf.jpg,5,270,24,941,255,train
3ad134b40.jpg,1,384,103,442,233,train
3ad134b40.jpg,2,351,0,398,255,train
3adb7c36d.jpg,5,121,0,1570,255,train
3ade75b6e.jpg,5,11,3,1599,252,train
3ae2aba5e.jpg,3,810,104,853,142,train
3ae2f43e5.jpg,3,1299,3,1331,242,train
3af1c4aca.jpg,3,808,0,1004,255,train
3af515180.jpg,5,159,0,777,255,train
3af904b99.jpg,5,793,33,1478,255,train
3afb8f1bc.jpg,5,668,0,1221,255,train
3b1479719.jpg,3,1104,74,1157,255,train
3b2b910c7.jpg,3,998,0,1072,255,val
3b2f9b14d.jpg,3,525,38,542,255,train
3b35a1f8e.jpg,4,1,0,605,204,val
3b3df8749.jpg,5,930,0,1403,255,val
3b42727ff.jpg,3,1188,4,1209,255,train
3b4c484d0.jpg,3,1242,0,1451,255,train
3b4c8b9a4.jpg,5,877,0,1544,255,train
3b4c8b9a4.jpg,4,475,0,912,226,train
3b58d7324.jpg,1,1463,144,1500,255,train
3b6d18d10.jpg,3,359,0,392,254,train
3b6f87aed.jpg,5,843,1,1207,255,train
3b8d1d356.jpg,5,804,101,1392,248,val
3b8d1d356.jpg,4,644,17,700,74,val
3b936b2b9.jpg,5,420,0,995,255,val
3b9a3ae3b.jpg,5,17,0,965,255,val
3ba5b066f.jpg,3,1323,7,1375,255,train
3ba673afd.jpg,1,362,63,494,247,train
3bbab6db6.jpg,3,720,168,901,243,train
3bc8e7028.jpg,5,629,0,1071,255,train
3bd0fd84d.jpg,3,1222,1,1372,255,val
3bde297da.jpg,3,603,1,719,230,train
3bea66fac.jpg,3,853,0,894,255,train
3beb63791.jpg,1,379,0,433,202,train
3c1cce9af.jpg,5,429,0,1129,255,val
3c247ad54.jpg,4,4,19,79,250,train
3c30d891e.jpg,3,1482,159,1594,230,train
3c456ebb8.jpg,3,1200,20,1358,222,val
3c4a1b57f.jpg,3,1471,82,1516,120,val
3c4ad030c.jpg,1,713,130,748,206,val
3c4cc1168.jpg,3,4,110,339,255,train
3c4d16b17.jpg,5,1,52,1599,175,train
3c4f32f77.jpg,3,1331,1,1397,255,val
3c5941d72.jpg,5,412,162,1270,255,train
3c5e34bfa.jpg,3,315,0,360,38,train
3c79d2e28.jpg,5,679,0,976,255,train
3c7e032fc.jpg,3,1190,153,1266,255,val
3c8312241.jpg,5,476,0,1328,255,train
3c8312241.jpg,4,652,0,1033,140,train
3c8b6c978.jpg,3,645,0,791,255,train
3c9b7b316.jpg,3,1173,1,1207,176,val
3c9c4454b.jpg,3,1081,70,1596,159,train
3ca2ba71b.jpg,5,119,0,1304,226,train
3ca2ba71b.jpg,4,1341,38,1599,194,train
3ca655ceb.jpg,3,814,0,1015,255,train
3ca970143.jpg,3,809,1,861,255,train
3cafcfd96.jpg,3,335,1,354,245,train
3cb1c14c8.jpg,3,1093,0,1314,247,val
3ce4ece71.jpg,5,246,0,1000,255,train
3cfa559c3.jpg,5,46,0,1598,146,train
3cff791b3.jpg,3,197,189,799,255,val
3cffb1206.jpg,5,2,114,1406,255,train
3d0fc6499.jpg,5,624,2,1417,250,train
3d161a849.jpg,5,1,5,1125,255,train
3d25c4bad.jpg,3,850,6,1012,77,train
3d2df482c.jpg,3,1230,29,1373,242,train
3d40be6af.jpg,3,1177,3,1329,199,train
3d4ac6276.jpg,5,120,0,1411,255,train
3d5066f6d.jpg,4,577,82,707,206,train
3d559892c.jpg,5,1017,0,1279,255,train
3da2c3982.jpg,1,1093,72,1395,169,train
3da31ea30.jpg,5,27,1,1366,255,train
3da46ef9a.jpg,5,293,0,853,255,train
3da8dae0b.jpg,3,781,0,998,255,train
3dbbb330a.jpg,3,625,4,646,247,train
3de1a29d8.jpg,3,1147,192,1214,239,val
3de8f5d88.jpg,5,639,0,1111,254,train
3df2a0383.jpg,1,85,1,107,75,train
3df2a0383.jpg,2,129,61,153,255,train
3dffc3010.jpg,3,1186,4,1190,254,train
3e185a3fe.jpg,5,404,0,1390,255,train
3e1ed281b.jpg,3,1190,36,1206,255,train
3e1f5caa8.jpg,4,837,23,1249,214,val
3e22efa89.jpg,3,1466,134,1505,255,train
3e2c33124.jpg,5,62,113,1392,255,train
3e3d92e7e.jpg,3,705,1,727,254,train
3e3f8a077.jpg,5,1055,0,1563,255,train
3e519e65d.jpg,4,578,133,749,254,train
3e59e0f17.jpg,5,235,0,885,255,train
3e63fb99b.jpg,3,894,0,1076,255,val
3e70d064f.jpg,5,662,0,1278,255,train
3ead6a6bf.jpg,3,514,106,576,179,val
3eae81bc8.jpg,3,465,70,541,194,train
3ec7019e2.jpg,5,71,0,1056,255,train
3ecf33095.jpg,3,943,7,1500,89,val
3ecff5d55.jpg,1,1465,43,1484,229,train
3ee680a42.jpg,5,230,0,521,254,train
3eec62abe.jpg,4,395,47,616,255,train
3f0b1c635.jpg,4,288,1,1452,252,val
3f272083c.jpg,3,1156,6,1373,222,val
3f2a7867c.jpg,3,956,0,1116,255,train
3f36e2d85.jpg,6,18,0,45,103,val
3f39b85b9.jpg,5,249,0,790,255,train
3f3b0ba51.jpg,4,830,0,1173,255,val
3f3c1170e.jpg,5,729,0,1016,255,train
3f3ddfea8.jpg,3,536,104,590,255,train
3f536622f.jpg,2,775,0,821,255,val
3f7e10763.jpg,3,807,147,1107,255,train
3f92145f5.jpg,5,229,0,618,255,train
3fb1d9448.jpg,4,864,2,1084,250,train
3fb68881e.jpg,5,661,0,1400,255,train
3fb78d513.jpg,5,167,1,1381,255,train
3fcd061fc.jpg,1,1461,152,1490,238,train
3fcd061fc.jpg,2,1490,19,1516,228,train
3fd678c06.jpg,3,1033,0,1367,188,train
3fdbbf305.jpg,3,292,5,349,242,train
3fdc95c42.jpg,1,94,0,532,255,val
3fe32ff2f.jpg,2,126,13,162,255,train
3fea4633e.jpg,4,406,10,509,111,train
3ff8946e0.jpg,5,1,37,1064,244,train
3ff9adb9d.jpg,5,0,18,1599,245,train
3ffa37e37.jpg,5,591,0,1203,255,train
3ffa37e37.jpg,4,57,138,262,255,train
400144782.jpg,3,222,0,410,255,train
400161088.jpg,5,181,0,633,255,train
400eedff4.jpg,3,1083,1,1110,255,train
4014c79d3.jpg,5,814,0,1256,255,train
4014d6f31.jpg,3,59,183,732,255,train
401614c72.jpg,3,371,0,406,254,val
401de199f.jpg,3,168,1,274,255,train
4029fea8e.jpg,1,527,0,1381,255,train
402c5369d.jpg,3,605,0,1158,82,train
403a0cb2e.jpg,3,1349,0,1392,186,train
404259a55.jpg,5,1,128,1075,255,train
40466495a.jpg,4,1141,132,1303,253,train
405507351.jpg,5,717,0,1470,255,train
4072c3bb5.jpg,3,1455,3,1476,255,train
40889ddf9.jpg,3,1159,2,1182,255,val
409453bc7.jpg,3,1025,123,1305,255,train
409502827.jpg,3,64,3,221,102,train
409adafbe.jpg,3,785,1,805,255,train
409ebd086.jpg,3,460,0,606,255,val
40aae2e57.jpg,5,51,0,1097,255,val
40ab005e7.jpg,3,796,0,1001,255,train
40b68e3bb.jpg,5,611,4,1529,246,train
40b724998.jpg,5,1,0,298,248,train
40b90abe8.jpg,3,300,104,441,208,train
40bd1a5f1.jpg,5,7,95,1534,172,val
40c6fac5a.jpg,3,322,169,423,245,train
40d766da8.jpg,4,0,0,1179,83,train
40e52c68b.jpg,3,76,142,628,250,train
40f56ca26.jpg,4,1,171,1503,252,train
410194f0a.jpg,3,36,0,210,136,train
410194f0a.jpg,4,664,159,723,209,train
41028db98.jpg,3,1374,37,1389,62,train
411377ca3.jpg,3,435,0,471,255,val
412fe7f70.jpg,3,1198,22,1361,250,val
41333f13c.jpg,5,0,0,603,181,val
413bf04b0.jpg,3,972,98,1022,172,val
41411378e.jpg,3,483,102,507,147,train
41411378e.jpg,4,0,0,1495,255,train
414f0f6f9.jpg,3,873,0,902,255,train
415252307.jpg,5,435,0,1566,255,train
4157934a2.jpg,3,1201,0,1498,183,train
415dd1efd.jpg,5,1108,1,1547,255,train
41632c229.jpg,5,441,0,1261,255,train
416b3a2a5.jpg,6,755,12,797,47,train
416dc5e75.jpg,4,1076,0,1280,255,train
416def597.jpg,1,750,0,807,127,train
41716714b.jpg,3,383,0,529,255,train
418e47222.jpg,3,181,0,305,255,train
41977e060.jpg,5,380,0,1250,255,train
419dc2472.jpg,5,1000,66,1599,220,train
41b122bb7.jpg,3,957,0,1116,254,train
41bbe4edd.jpg,5,69,3,1217,225,train
41d7a39dc.jpg,3,1199,2,1241,248,train
41dedb89b.jpg,4,642,2,1594,254,train
41e79c2f4.jpg,5,128,0,1163,254,train
41ec6505f.jpg,3,350,152,402,234,train
41f3899a5.jpg,2,451,0,477,255,train
41f5ea1f2.jpg,2,873,1,883,117,train
41f5ea1f2.jpg,3,3,132,41,220,train
42087f902.jpg,3,573,0,776,254,train
420ba281d.jpg,1,778,42,811,255,train
4216b133c.jpg,1,723,144,754,193,train
421c3f368.jpg,5,98,0,1209,255,train
42353cc21.jpg,5,23,0,595,255,train
423caf51d.jpg,3,822,26,874,255,val
4243c7476.jpg,3,1200,105,1357,255,train
42527400c.jpg,5,112,1,1507,254,train
42527400c.jpg,4,1397,116,1455,249,train
426581acf.jpg,3,1394,1,1420,196,val
42695cb60.jpg,3,1214,6,1372,177,train
427085ef4.jpg,3,1106,55,1231,200,train
428586f79.jpg,6,1325,0,1345,228,train
42877dc1a.jpg,3,6,1,164,164,val
42877dc1a.jpg,4,75,0,1538,253,val
428ebe246.jpg,3,1185,43,1332,227,train
42935bb3a.jpg,1,58,20,1218,254,train
429650b38.jpg,3,1128,5,1185,206,train
429782c75.jpg,3,1542,3,1574,251,train
429951ca7.jpg,5,30,0,1523,255,train
42996bbcf.jpg,3,1301,124,1321,157,train
42af54b00.jpg,5,595,0,872,255,train
42b398dcf.jpg,1,1361,1,1382,208,train
42caf4e12.jpg,5,357,0,876,252,train
42d2a363d.jpg,1,707,12,733,255,train
42d65967f.jpg,3,1150,1,1362,214,train
42dd20db7.jpg,2,463,0,496,255,train
42ef7e425.jpg,5,487,1,1358,215,train
431234941.jpg,5,210,0,1351,255,val
432f8ce39.jpg,3,687,0,710,212,val
433ee3ba0.jpg,6,756,78,783,143,train
4340e1e42.jpg,5,10,0,838,255,train
4345c2b85.jpg,5,230,13,1506,182,train
4345db2fc.jpg,5,1,0,761,255,train
434d03372.jpg,5,363,0,754,255,val
434dc37a2.jpg,3,1124,1,1149,187,train
4353697d9.jpg,3,778,0,848,255,train
4355ef39b.jpg,1,1269,68,1300,110,val
436398e3b.jpg,5,644,0,1156,255,val
436e3f4a0.jpg,3,966,77,1010,255,train
43746d404.jpg,3,1170,112,1318,244,train
439e60ec8.jpg,5,20,0,923,255,train
439f1a016.jpg,1,461,0,526,185,train
43a450e62.jpg,5,549,1,1428,255,train
43b6618bf.jpg,5,290,0,773,184,train
43bb3a898.jpg,3,1058,148,1126,192,val
43c0e310c.jpg,5,149,0,903,254,train
43c1e8a0b.jpg,3,1072,0,1098,254,train
43c6a30fa.jpg,1,414,124,543,255,val
43d7e6da0.jpg,4,499,1,1122,254,val
43dac5ad5.jpg,5,84,0,848,255,train
43df0a876.jpg,3,1144,0,1163,254,train
43e5215d6.jpg,3,797,1,994,254,train
43f6a4177.jpg,3,634,0,736,255,train
43f6a4177.jpg,4,49,1,179,255,train
43fcd5c0b.jpg,3,920,104,1002,237,train
44011d351.jpg,1,1420,1,1530,255,val
441866b3d.jpg,3,680,1,702,150,val
441add89c.jpg,5,113,0,810,239,train
4422bc417.jpg,3,1181,0,1238,124,train
4422bc417.jpg,4,504,13,738,240,train
443f8564b.jpg,3,481,0,631,255,train
44415ab00.jpg,2,396,0,494,255,train
4448b4286.jpg,3,619,1,653,254,train
445dfb2ce.jpg,3,1318,113,1351,171,train
44668f045.jpg,5,45,1,1305,255,train
446b75ffb.jpg,3,1335,0,1593,170,val
446ba8f9b.jpg,5,697,1,1470,255,train
446c4efb5.jpg,5,250,11,1599,255,train
447038bc8.jpg,2,519,1,542,255,train
447d8ce19.jpg,3,651,73,909,227,val
448e30068.jpg,3,1229,37,1412,224,train
4499aaa80.jpg,5,153,0,651,255,train
44a0d5b55.jpg,3,784,0,807,255,train
44a1e7d5f.jpg,3,1080,0,1102,255,train
44a2e6e51.jpg,3,142,1,428,148,val
44a2e6e51.jpg,4,0,45,525,255,val
44ad9ef30.jpg,3,1277,0,1466,246,train
44ada0c0b.jpg,3,670,7,684,93,train
44aea3a11.jpg,5,440,78,1034,255,val
44b8a9dec.jpg,3,101,77,156,140,train
44bdd7c49.jpg,5,0,0,1513,255,train
44bddb2d2.jpg,5,410,0,1410,255,train
44c129ab7.jpg,3,12,0,107,255,train
44d46adc8.jpg,3,1248,1,1371,255,val
44d5767ee.jpg,4,267,1,949,253,train
45212b455.jpg,3,1298,1,1341,254,train
4529ee151.jpg,3,183,149,701,255,train
454d794dc.jpg,3,210,0,362,255,train
454d794dc.jpg,4,892,1,1172,255,train
455241741.jpg,5,794,0,1118,255,train
45612bd46.jpg,5,340,2,950,255,train
456b9952f.jpg,3,1407,2,1429,255,train
45740ac20.jpg,3,335,31,378,172,train
459617182.jpg,6,339,31,461,253,val
459790d82.jpg,4,767,143,1280,255,train
459840244.jpg,1,759,68,786,255,train
4598f8be0.jpg,3,102,0,316,255,train
45993565a.jpg,5,459,0,1034,255,val
459cd013a.jpg,5,350,0,1264,142,train
45a4c0a58.jpg,5,322,0,1487,255,train
45a59cfec.jpg,5,20,0,1576,255,train
45b099b06.jpg,3,707,1,812,255,train
45b362a50.jpg,5,1089,4,1378,239,train
45b946123.jpg,5,0,84,1596,254,train
45ba100f4.jpg,5,494,0,1393,255,train
45c1cce45.jpg,3,1231,3,1257,255,train
45c983e84.jpg,5,489,0,771,255,train
45cca62e0.jpg,5,516,0,1237,252,train
45d294946.jpg,5,0,0,1559,254,train
45d8e1473.jpg,3,216,3,663,55,train
45e10836b.jpg,5,943,0,1537,109,train
460ab7579.jpg,5,923,2,1235,255,train
460b13d7e.jpg,5,1,2,1596,255,train
460d229ec.jpg,1,759,163,779,194,train
460e2213c.jpg,6,26,0,1451,255,train
4613bc12c.jpg,5,78,0,1307,170,train
4613d520c.jpg,2,439,0,542,246,train
46160f1f5.jpg,3,794,0,819,255,train
461f83c57.jpg,1,1464,138,1489,255,train
461fb4927.jpg,1,712,65,743,255,train
463108c67.jpg,6,652,22,716,143,train
463fe382b.jpg,2,100,40,112,255,train
464917fe0.jpg,5,166,0,1276,255,train
464987349.jpg,3,1139,0,1158,255,train
464a009f9.jpg,5,318,0,1385,255,train
465808594.jpg,3,1239,1,1366,255,train
46582cff8.jpg,5,1,21,1278,158,train
46655e050.jpg,3,871,13,912,88,train
46655e050.jpg,4,1209,79,1396,146,train
4695c2d2a.jpg,5,201,1,1319,255,train
46af8b042.jpg,3,886,3,1195,203,train
46dd7fa76.jpg,5,204,0,1234,255,train
46dfd5be4.jpg,3,1279,1,1476,255,val
46e0f0f9c.jpg,5,0,2,1381,227,train
470a96423.jpg,3,228,23,360,255,train
47111332b.jpg,5,0,173,1597,254,train
471a0c83c.jpg,3,1155,0,1350,253,train
471b423b1.jpg,3,0,106,250,192,train
472407235.jpg,5,501,8,842,255,train
4733edde8.jpg,5,463,2,1164,255,train
474104794.jpg,4,254,1,428,252,train
47454aedd.jpg,5,461,0,1137,255,train
474c5f34e.jpg,3,71,0,302,255,train
47568c5de.jpg,5,644,75,1473,255,train
476a0129a.jpg,5,436,0,1009,255,val
476efaa3d.jpg,5,243,0,1584,255,train
476efaa3d.jpg,4,491,0,880,255,train
477a186bc.jpg,3,793,159,953,216,train
4783eb121.jpg,3,943,0,1147,255,val
4784189ec.jpg,3,1202,0,1414,255,train
4787645e5.jpg,5,677,0,1177,255,train
478ff6696.jpg,5,17,45,348,255,train
479ec009a.jpg,4,845,1,1343,251,val
47a18bd61.jpg,1,64,44,1135,200,val
47a193b76.jpg,3,1,60,363,207,train
47a629526.jpg,5,2,0,1483,255,train
47a629526.jpg,4,176,1,1103,255,train
47aae4725.jpg,5,477,0,1030,255,train
47aea9052.jpg,4,499,2,1030,244,val
47b5ab1bd.jpg,5,503,1,1541,233,train
47c24f230.jpg,1,394,107,431,164,train
47cee01b1.jpg,3,1291,100,1343,163,train
47cf3a13c.jpg,1,465,0,528,255,train
47d3379c1.jpg,6,1362,10,1416,253,train
47d8d490a.jpg,3,789,0,1132,85,train
47d9b630e.jpg,5,362,28,906,255,train
47dc31ace.jpg,5,34,0,1132,255,train
47e1ec88e.jpg,5,456,0,1505,255,train
47f5c8e07.jpg,1,368,0,1404,240,train
4803fc0ae.jpg,3,465,3,519,249,train
483e4b5f7.jpg,5,456,0,1259,255,train
484439824.jpg,3,516,17,591,219,train
48532e006.jpg,3,47,0,246,255,val
4854add54.jpg,5,301,0,1575,255,train
4857d0687.jpg,3,711,0,864,255,val
485ed6221.jpg,3,1049,2,1119,191,train
48626da29.jpg,4,205,144,614,254,val
486b452b6.jpg,5,802,0,1144,255,train
4874f19dd.jpg,3,1286,23,1316,255,val
48831ab9e.jpg,3,712,179,878,240,train
488922ac2.jpg,2,932,77,945,255,train
488c35cf9.jpg,3,676,2,688,248,val
489bc785a.jpg,5,641,1,1405,255,train
48c466789.jpg,4,329,2,606,241,val
48ed03e48.jpg,5,540,0,1190,255,val
48f69ea12.jpg,1,887,145,913,179,val
48f6abec0.jpg,3,162,0,188,253,val
4932f1a80.jpg,1,181,0,1187,207,train
4941491de.jpg,5,457,1,1466,255,train
49416ce82.jpg,3,1062,6,1091,224,train
494ead378.jpg,5,448,51,892,207,train
495d5828b.jpg,4,32,0,220,255,train
496790c19.jpg,5,494,4,1178,153,train
497d0a057.jpg,5,424,0,1523,255,val
498b9c526.jpg,3,1021,0,1239,254,train
4992fae6f.jpg,1,295,0,364,123,val
49a0e2310.jpg,3,1237,0,1262,254,train
49a46692e.jpg,5,497,4,1359,249,train
49a46692e.jpg,4,83,3,390,240,train
49aba8b85.jpg,6,883,0,1066,255,train
49b34e921.jpg,4,228,0,1209,252,train
49b83d8fa.jpg,3,853,0,923,251,train
49c035d7e.jpg,3,1029,0,1121,255,train
49c24c9a8.jpg,6,249,0,1293,255,val
49cf406c7.jpg,5,78,0,1599,255,train
49d1ff5e2.jpg,5,426,0,1365,255,train
49d28224c.jpg,3,939,0,1019,255,train
49da138ee.jpg,4,304,0,1584,255,train
49e3afca8.jpg,5,166,0,761,255,val
49fa7d0fa.jpg,5,591,0,1302,255,val
49fa7d0fa.jpg,4,30,0,621,174,val
4a38d7ed7.jpg,5,230,0,994,255,train
4a39fd531.jpg,4,105,101,251,254,train
4a4f274d1.jpg,5,947,1,1348,254,val
4a52380d8.jpg,3,530,0,662,255,train
4a5beea32.jpg,5,663,0,961,254,train
4a662783b.jpg,5,691,3,1404,246,train
4a9bd840f.jpg,3,639,66,704,249,train
4a9bd840f.jpg,4,235,0,1306,164,train
4aa9afc78.jpg,5,53,0,670,255,val
4aa9afc78.jpg,4,1022,0,1255,90,val
4ab1aeab6.jpg,4,526,3,649,253,train
4ab8a2a13.jpg,5,476,1,1172,255,train
4abec5e22.jpg,3,1184,0,1238,224,train
4aca6c4a7.jpg,5,1222,8,1514,233,train
4accda000.jpg,3,301,1,409,255,train
4ad6e9c90.jpg,3,706,0,773,255,train
4adc459d5.jpg,3,295,0,306,22,train
4ade4b747.jpg,1,141,0,471,224,train
4ade4b747.jpg,3,839,0,861,255,train
4af0f0204.jpg,3,113,3,130,251,train
4af9e9b53.jpg,3,378,0,515,255,val
4b09a3911.jpg,5,776,0,1044,255,train
4b16dc9ee.jpg,5,366,0,1098,255,train
4b16dc9ee.jpg,4,1172,4,1332,152,train
4b1d2a283.jpg,5,438,56,1599,255,train
4b286bf39.jpg,5,463,0,1269,255,val
4b3de8933.jpg,3,883,203,1097,254,train
4b4bbf418.jpg,3,1204,37,1396,255,train
4b5490a9f.jpg,1,715,118,756,232,val
4b56df46d.jpg,5,179,16,489,255,train
4b56df46d.jpg,4,1213,0,1419,255,train
4b624bfdf.jpg,5,110,2,1599,170,val
4b628b398.jpg,5,71,0,835,205,train
4b6e6a56e.jpg,5,263,0,1014,255,train
4b712bf89.jpg,3,1125,0,1156,255,train
4b762b230.jpg,5,502,0,753,255,train
4b902c994.jpg,5,87,42,1020,255,val
4b925c919.jpg,5,21,6,710,255,train
4b9664b0a.jpg,3,616,114,775,174,train
4b9eb5d64.jpg,5,142,0,1520,255,train
4bb7baa20.jpg,3,971,0,1010,138,train
4bba4f866.jpg,3,867,15,936,214,train
4bc04da70.jpg,5,699,2,1009,253,train
4bc13de99.jpg,5,431,0,1110,255,train
4bd15a7ae.jpg,4,492,0,1405,254,val
4befc8dcf.jpg,3,117,0,312,255,train
4bf953606.jpg,5,446,4,1261,255,train
4bf995227.jpg,5,453,0,1005,255,train
4bfbe85ff.jpg,4,209,4,872,255,train
4c03cad47.jpg,5,965,0,1486,255,train
4c101a491.jpg,1,749,14,770,55,val
4c12f034c.jpg,5,123,173,1563,255,val
4c18e968f.jpg,3,973,0,1095,255,train
4c2198026.jpg,3,810,0,824,255,train
4c2b3ccc9.jpg,5,121,0,1099,255,train
4c2bd254d.jpg,3,865,0,912,231,val
4c3100013.jpg,3,1397,106,1425,255,train
4c353fd1a.jpg,3,346,0,373,128,train
4c36590af.jpg,4,446,0,1599,253,train
4c3afd528.jpg,5,474,0,1030,255,train
4c47ebc03.jpg,1,846,43,872,154,train
4c6110948.jpg,5,82,0,482,255,train
4c67c9b8e.jpg,6,488,58,525,156,train
4c6a55f89.jpg,4,1002,39,1421,253,train
4c770beb5.jpg,5,318,0,705,254,val
4c770beb5.jpg,4,529,131,772,255,val
4c7ff2056.jpg,5,826,0,1354,255,train
4c8168fcb.jpg,4,650,2,828,130,train
4c8759dd0.jpg,3,391,0,569,253,train
4c9245dcf.jpg,3,284,1,372,255,train
4ca64717c.jpg,5,96,16,480,203,train
4cb7e5302.jpg,3,863,0,894,255,train
4cbb91ed2.jpg,5,524,90,1598,255,val
4cc2c7b57.jpg,5,0,135,1599,255,train
4cc6b09fd.jpg,5,51,0,887,255,val
4cca18753.jpg,2,853,0,882,255,val
4cccbe396.jpg,3,1058,58,1276,255,train
4cd17e5b9.jpg,5,118,0,980,255,val
4cf3b3988.jpg,6,6,55,1175,244,train
4d042c66f.jpg,5,14,38,1062,173,train
4d0d86a96.jpg,5,774,0,1155,255,train
4d1444a12.jpg,3,1067,0,1075,118,train
4d1444a12.jpg,4,517,1,1534,254,train
4d35cc84e.jpg,5,673,0,1568,254,val
4d38c353e.jpg,5,242,0,1395,255,train
4d38c353e.jpg,4,400,59,552,255,train
4d4cb6e78.jpg,3,495,0,525,255,train
4d4dd1754.jpg,3,1175,0,1255,253,train
4d57922af.jpg,4,875,14,988,227,train
4d586677e.jpg,3,634,159,1333,227,train
4d6973926.jpg,5,76,0,908,255,train
4d6cff7f8.jpg,5,908,3,1387,254,val
4d6da5e7d.jpg,3,1028,128,1090,196,train
4d7acd005.jpg,5,436,0,998,255,train
4d930ad34.jpg,1,59,33,1383,196,train
4d93e9c21.jpg,5,1,1,1599,255,train
4d967fdb0.jpg,5,141,137,1075,254,train
4d9b0f8c6.jpg,3,1222,1,1369,247,train
4db535653.jpg,1,694,14,744,222,train
4dba4db98.jpg,5,0,0,1048,255,train
4dbadaa3e.jpg,1,961,145,982,188,train
4dbadaa3e.jpg,3,266,0,566,82,train
4dbe12a7b.jpg,5,638,0,1071,255,train
4dc35083b.jpg,5,436,0,1004,255,train
4dc8b9c03.jpg,5,432,0,999,255,train
4dcb6f67a.jpg,3,1205,35,1242,206,train
4dd35625f.jpg,5,237,0,1373,249,val
4dd52fc23.jpg,5,370,32,1598,255,train
4dd52fc23.jpg,4,0,4,350,220,train
4defcdb36.jpg,3,760,1,836,255,train
4dfd9c462.jpg,3,117,1,144,255,train
4e1c34ada.jpg,5,586,0,838,255,train
4e1d02f5a.jpg,3,1204,83,1353,254,train
4e1d262fb.jpg,2,448,0,506,255,train
4e1e0e3ac.jpg,5,0,154,1599,255,train
4e25cb8e7.jpg,5,705,0,1187,255,train
4e265c94c.jpg,5,1001,0,1285,252,train
4e2c9230d.jpg,3,1063,0,1276,255,train
4e2c9230d.jpg,4,224,0,881,177,train
4e2e1bdb7.jpg,5,26,11,1461,255,train
4e33d6324.jpg,4,645,2,905,245,val
4e36f104c.jpg,5,210,87,1503,205,train
4e39d8c5c.jpg,4,415,1,1593,251,train
4e438c98c.jpg,3,724,0,756,254,train
4e46ce4ca.jpg,5,82,0,1387,255,train
4e5aabaae.jpg,5,285,117,1599,219,train
4e5b28887.jpg,3,1436,9,1454,239,train
4e6514402.jpg,1,928,0,951,176,train
4e7ba4854.jpg,3,620,0,651,255,train
4e7f0e825.jpg,3,1271,188,1310,255,train
4e8b5a042.jpg,3,1056,1,1087,255,train
4e8e7a28c.jpg,3,1293,153,1346,223,train
4e9055d9e.jpg,1,486,63,518,255,train
4e9b147fa.jpg,5,741,0,1302,255,train
4ea0f4710.jpg,4,483,110,751,255,val
4eac3a7d0.jpg,5,130,2,1599,254,train
4eb8c6514.jpg,5,486,2,1043,255,train
4ebff3a81.jpg,5,109,0,1316,255,train
4ec0d49df.jpg,5,492,0,1128,255,train
4ec252808.jpg,4,32,0,308,255,train
4ecf05db6.jpg,5,81,0,1257,255,train
4edc8b817.jpg,5,742,84,1301,255,train
4edc8b817.jpg,4,90,0,1146,161,train
4edff9648.jpg,3,1293,0,1335,96,train
4ee32c458.jpg,5,506,2,1311,255,train
4ee570810.jpg,5,438,0,1191,255,train
4eea878dd.jpg,5,886,0,1193,255,train
4ef21d9b7.jpg,5,312,0,647,255,train
4ef65d75b.jpg,3,159,0,236,255,train
4ef6c54c9.jpg,3,351,198,974,255,train
4efe827ed.jpg,5,111,56,1536,155,train
4f002a224.jpg,3,1288,111,1351,196,val
4f1f6dee0.jpg,5,0,0,1599,255,train
4f323a756.jpg,5,765,1,1096,255,train
4f64d3b50.jpg,3,447,30,563,254,train
4f6a3b984.jpg,3,157,0,196,255,train
4f70ba311.jpg,5,55,0,464,193,train
4f77c0179.jpg,1,1304,142,1340,250,train
4f7972e7c.jpg,3,1224,92,1239,255,train
4f89dd316.jpg,5,112,7,1599,255,val
4f9b3eee7.jpg,5,175,0,863,255,train
4fb88c3a4.jpg,3,750,0,896,224,train
4fcacdb3a.jpg,3,424,0,702,208,val
4fd6b1521.jpg,5,0,1,1599,255,train
4fe777e50.jpg,3,570,0,882,150,train
500bd5355.jpg,3,50,0,255,255,train
5013e5c9d.jpg,5,77,1,1230,255,train
5020df2f8.jpg,3,1269,174,1376,244,train
503c4f93a.jpg,2,400,0,424,156,train
503d78c6f.jpg,5,653,0,1080,252,train
5041c4a3f.jpg,3,751,0,863,255,val
504e47cce.jpg,5,60,20,1419,254,train
5064ecb6d.jpg,5,29,1,814,255,train
50655a748.jpg,4,4,2,1596,254,train
506826fc6.jpg,5,878,0,1181,255,val
50742b144.jpg,3,1348,15,1390,255,train
508c739d1.jpg,5,0,7,1138,244,train
5092b3368.jpg,5,164,0,1005,255,train
509abf323.jpg,1,859,0,1044,131,train
50ac457cb.jpg,2,457,0,471,211,train
50ac97479.jpg,5,915,0,1218,255,val
50b285302.jpg,3,1188,1,1225,126,train
50b542cdd.jpg,5,596,0,1068,210,train
50bab4d98.jpg,5,29,0,1599,255,train
50c8a63b1.jpg,3,1031,16,1162,255,train
50cfeaca4.jpg,5,0,17,1476,255,train
50de95d7f.jpg,5,43,0,1239,255,train
50fb57a6c.jpg,3,1326,4,1559,254,train
50ff24e6e.jpg,3,1243,7,1396,176,train
51097aa45.jpg,4,680,5,1010,175,train
510b9c5cc.jpg,1,65,148,380,255,train
511570622.jpg,4,24,149,232,242,train
5125317c7.jpg,3,692,1,714,253,train
5132041da.jpg,3,1429,140,1484,231,train
514222386.jpg,3,790,132,1250,244,val
51434f59b.jpg,3,1195,2,1375,252,train
51498e7a6.jpg,5,44,1,889,255,train
514f11c53.jpg,3,1171,5,1410,247,train
51632c4a4.jpg,3,1079,0,1320,62,train
516b72597.jpg,6,253,42,1133,220,train
517f3ce34.jpg,3,1087,99,1105,254,val
5188851b2.jpg,5,204,0,1078,255,train
51938ecf0.jpg,5,472,1,1112,255,train
519599df3.jpg,3,1029,0,1125,255,train
519e11f0b.jpg,5,16,65,795,255,val
519e11f0b.jpg,4,168,1,1597,167,val
51a3f4c59.jpg,3,1317,1,1342,253,train
51b211df9.jpg,3,1200,3,1375,249,train
51c35e519.jpg,3,1118,147,1599,255,train
51d092947.jpg,1,725,108,749,232,train
51d3e5941.jpg,1,142,0,351,255,train
51d7bdfc2.jpg,3,0,54,263,255,train
51d7bee0a.jpg,3,1317,11,1332,28,val
51ee8ec48.jpg,3,1039,0,1210,255,train
51f9ccdd2.jpg,5,212,17,1381,110,train
5210ac609.jpg,5,428,0,1001,255,train
52122168a.jpg,5,872,24,1325,249,val
521f4df19.jpg,3,409,0,435,95,train
5227eaed2.jpg,3,1191,0,1225,239,train
522d34082.jpg,3,539,0,643,255,train
522e17d3e.jpg,1,88,0,1433,255,train
5238bc100.jpg,2,1417,13,1444,253,val
523fee62c.jpg,5,0,0,767,254,train
52497822f.jpg,5,513,0,1191,255,train
5256faa06.jpg,3,864,76,897,255,train
525d0e51e.jpg,1,61,86,421,237,val
527517cf3.jpg,3,1046,1,1207,255,train
527b50f74.jpg,5,858,0,1202,255,train
527d11e5a.jpg,6,69,139,94,203,val
528112571.jpg,3,1202,0,1358,180,train
5283b3138.jpg,3,807,20,833,48,val
529b36067.jpg,5,509,0,1305,255,train
52be91fda.jpg,3,820,1,1017,255,train
52cf9caf9.jpg,6,81,0,370,236,val
52d0d8da4.jpg,4,260,29,1091,214,train
52df7277c.jpg,3,1442,75,1528,177,val
52f589500.jpg,5,491,1,1553,255,val
52faeb955.jpg,5,643,0,1500,255,val
5303447ca.jpg,3,909,0,952,235,train
531b9c425.jpg,3,4,152,16,238,train
5335b8fd7.jpg,4,2,1,1024,254,train
533926801.jpg,3,317,0,348,255,train
534666b46.jpg,5,732,0,1235,255,val
534991d20.jpg,1,752,58,771,113,train
534c4e0c8.jpg,5,208,0,1293,255,train
534c4e0c8.jpg,4,1435,112,1562,255,train
534dacff6.jpg,3,650,0,679,35,val
534fa3ac4.jpg,1,1414,0,1457,255,train
5350e17c2.jpg,5,852,0,1219,255,train
535970659.jpg,3,1358,19,1375,80,train
5370c78e0.jpg,5,215,0,1041,255,train
5377dbac1.jpg,5,4,0,1566,255,val
537e66c26.jpg,1,434,78,473,115,train
53994e13b.jpg,3,835,0,860,245,train
539a30638.jpg,1,181,0,461,213,train
539a9d455.jpg,6,296,0,872,233,train
539baaeda.jpg,5,753,0,1050,255,train
539be6ba4.jpg,3,834,0,861,255,val
53a21bba1.jpg,3,1127,2,1370,253,train
53b6d2ab1.jpg,5,135,0,1592,255,train
53c167687.jpg,3,1084,208,1279,254,train
53e812ced.jpg,4,1064,14,1592,253,val
53f2e3c44.jpg,2,482,0,509,211,train
53fa72f86.jpg,3,1188,87,1338,254,train
53ff38fe7.jpg,4,4,4,263,111,train
542084ea9.jpg,3,1216,0,1241,223,train
542fed55c.jpg,1,191,2,254,252,train
542fed55c.jpg,3,1183,182,1317,253,train
5432ff65a.jpg,3,1070,0,1120,255,train
543d1e1ea.jpg,5,28,0,1038,255,val
54439ae68.jpg,3,301,65,392,219,train
5457e4e20.jpg,3,195,0,285,255,train
5462db9cd.jpg,3,932,117,979,234,train
5462fa711.jpg,3,616,0,772,255,train
54738099a.jpg,1,1528,124,1546,183,val
54780d890.jpg,1,405,0,438,255,val
547c5635f.jpg,2,468,38,494,255,train
548f2444a.jpg,3,96,70,226,255,train
549613483.jpg,3,1173,38,1222,105,train
549aa706e.jpg,3,428,2,563,192,train
54bdb0ccf.jpg,3,622,0,652,254,train
54c3ce6f0.jpg,3,890,0,1087,255,train
54c4f7afa.jpg,3,119,1,137,254,train
54cdc22ca.jpg,4,42,0,442,246,val
54ce7b2e1.jpg,6,675,22,701,119,train
54dd95d41.jpg,5,752,0,1034,255,train
54de37d5e.jpg,3,1380,1,1444,255,val
54f1891ad.jpg,5,18,110,545,245,val
54f7648a5.jpg,6,717,0,754,74,train
54f94ed71.jpg,3,975,0,1070,255,train
54fc18824.jpg,5,190,24,758,226,train
54fc1f606.jpg,4,427,66,640,249,train
55042415c.jpg,5,579,6,1597,255,train
55136d7f3.jpg,3,549,0,599,255,train
551b840d2.jpg,3,1175,26,1206,255,train
55303df62.jpg,5,335,0,1172,255,train
5545e4b0f.jpg,3,568,0,603,148,train
5545e4b0f.jpg,4,292,0,1599,182,train
554710095.jpg,5,600,0,1523,255,val
554d5a941.jpg,3,782,0,1035,191,train
554ee47b6.jpg,3,1459,3,1474,250,train
5562229c3.jpg,5,89,0,869,253,train
556c2967b.jpg,4,848,86,1357,208,train
556e12633.jpg,5,3,0,1489,182,train
5574a47da.jpg,5,1013,0,1345,255,val
55901ac51.jpg,5,46,2,449,252,train
55901ac51.jpg,4,337,0,1115,255,train
55979505e.jpg,5,894,0,1200,255,val
559bcc411.jpg,5,0,0,798,255,train
55a585807.jpg,6,264,161,321,255,train
55c30f544.jpg,5,46,102,1245,255,train
55c689cd0.jpg,3,1398,0,1428,217,train
55c689cd0.jpg,4,162,42,964,255,train
55ccadff9.jpg,5,472,0,1164,255,train
55d87ed7a.jpg,5,415,0,877,255,val
55df6fcdb.jpg,5,0,28,1289,204,train
55edf098d.jpg,1,862,144,885,196,train
5600ec21b.jpg,3,1299,156,1336,255,train
56011ad29.jpg,4,3,7,492,249,train
560a3e98a.jpg,6,322,0,766,205,train
56120829d.jpg,5,100,0,1262,255,train
5613bb745.jpg,3,49,0,224,255,train
562055ee9.jpg,5,191,0,1432,255,val
56553f422.jpg,5,179,0,830,255,train
565cfa48c.jpg,5,918,0,1230,255,train
5660432cc.jpg,5,881,0,1182,255,val
5665ada1b.jpg,3,1284,24,1329,220,train
5665ada1b.jpg,4,934,0,1100,80,train
567578f1b.jpg,1,973,39,1464,229,train
567578f1b.jpg,3,33,0,91,85,train
56774fb7f.jpg,3,786,0,877,255,train
567e1f981.jpg,3,1146,0,1297,187,train
568439b6c.jpg,6,243,0,365,255,train
56918910e.jpg,3,1326,31,1416,248,train
5698f3507.jpg,4,25,1,1154,252,train
56a9e36dd.jpg,5,401,0,1291,255,train
56aaf82ea.jpg,3,170,190,529,227,train
56abc5057.jpg,3,1063,0,1106,236,train
56b9e54ed.jpg,3,1286,0,1499,255,train
56bf01513.jpg,3,1399,117,1531,214,train
56cc8fb98.jpg,3,650,47,837,255,train
56d523688.jpg,3,779,2,863,253,train
56da18173.jpg,3,821,62,877,179,train
56de9f0d1.jpg,1,707,20,733,203,train
56edcc37a.jpg,5,478,0,1119,255,train
570cb5438.jpg,5,230,0,1161,255,train
571f22cde.jpg,3,1303,0,1484,198,train
57239737a.jpg,6,251,14,575,140,train
5727d7f96.jpg,3,1290,41,1445,255,val
57314986d.jpg,5,171,0,1538,255,train
5757100f0.jpg,4,634,4,815,240,val
575e5be94.jpg,5,418,0,1599,255,train
576910e29.jpg,5,174,2,1446,249,val
576910e29.jpg,4,602,0,992,254,val
57794735f.jpg,6,730,86,761,140,val
577afb2d8.jpg,5,584,0,1120,255,val
57821dda7.jpg,3,1239,57,1386,243,train
5787b6262.jpg,5,2,0,1433,255,train
579796d67.jpg,3,822,0,844,255,val
579a51c1b.jpg,5,538,0,840,252,train
57a71495a.jpg,5,627,0,1221,246,train
57a71495a.jpg,4,277,93,904,255,train
57a7375f3.jpg,3,1196,34,1366,255,train
57c594518.jpg,3,202,165,236,222,train
57c752901.jpg,6,902,1,930,141,train
57c752901.jpg,2,906,10,953,255,train
57cb45ba8.jpg,5,12,2,1599,255,train
57cc4e2d3.jpg,5,819,2,1595,255,train
57d157679.jpg,5,784,0,1081,255,train
57e6b1bcd.jpg,1,1374,45,1409,218,train
57f9b3eae.jpg,5,159,0,934,255,train
58049fca1.jpg,5,936,1,1197,255,train
5810e2d40.jpg,5,0,119,1130,233,train
581bb7389.jpg,5,12,1,1599,255,val
582f0666f.jpg,3,1499,15,1532,84,train
58384cf41.jpg,5,1,0,1599,255,train
5848791de.jpg,5,282,0,1531,255,train
5848791de.jpg,4,1082,5,1322,225,train
5852e61b5.jpg,5,467,0,1111,255,train
585904c94.jpg,4,216,3,381,71,train
58673aa89.jpg,5,315,0,1283,255,train
586b86560.jpg,3,1366,0,1379,74,val
587e151b2.jpg,3,463,131,561,193,train
5891749fb.jpg,6,1348,69,1391,150,train
5892d9332.jpg,3,1134,1,1147,255,train
58b26c5f1.jpg,5,112,33,1084,207,train
58c262a8b.jpg,5,994,5,1259,252,train
58e63b56e.jpg,3,1368,1,1466,255,train
58ee62fd7.jpg,5,1193,1,1506,255,train
58f11e1cb.jpg,5,0,0,1248,255,train
58fd1ce30.jpg,3,1080,0,1105,255,train
59384b153.jpg,5,330,1,1310,255,train
594303084.jpg,3,694,0,834,255,train
594d97d26.jpg,1,11,2,447,240,val
594d97d26.jpg,3,831,18,1299,91,val
594e2b83f.jpg,5,1021,0,1325,255,train
5952d06e5.jpg,4,435,3,1130,198,train
595373657.jpg,5,121,0,1160,255,train
5956f0975.jpg,1,1131,19,1503,255,train
596c1c20f.jpg,5,538,0,1125,255,train
59849c3de.jpg,6,1333,63,1392,155,train
599251689.jpg,2,794,0,805,127,train
5994c3b58.jpg,6,433,0,1513,250,val
59a1733a9.jpg,3,101,187,129,209,train
59a2887fd.jpg,3,1114,122,1118,237,train
59b20349b.jpg,3,881,1,909,255,train
59b3bbeaf.jpg,3,1261,2,1287,255,val
59bc9997f.jpg,5,634,0,1504,255,train
59bcf1693.jpg,5,540,0,1074,255,train
59c00ad1f.jpg,3,988,53,1042,91,train
59ce36e8a.jpg,5,31,0,1133,255,train
59e4baab6.jpg,5,693,1,1374,254,train
59e91f935.jpg,2,889,8,925,255,train
59f0c09bb.jpg,5,76,0,1481,255,val
59f0c09bb.jpg,4,368,0,1423,254,val
5a036a042.jpg,4,543,173,1575,251,train
5a0389912.jpg,5,316,0,1469,241,train
5a03cd4f1.jpg,3,818,0,837,227,train
5a0b3a924.jpg,3,1203,73,1352,255,train
5a188bcf6.jpg,5,146,0,1076,255,val
5a1b1601e.jpg,4,239,0,1599,242,train
5a2a644d9.jpg,3,1096,14,1266,210,train
5a3c3a927.jpg,3,1130,111,1278,254,val
5a3db6845.jpg,5,674,0,974,255,train
5a3e79676.jpg,3,1094,21,1117,255,train
5a46b4407.jpg,3,438,0,685,255,train
5a4ca9b10.jpg,3,510,0,694,255,train
5a620fd1e.jpg,5,193,0,1231,255,train
5a6a8196b.jpg,3,722,0,860,255,train
5a718d72e.jpg,3,1121,3,1320,255,val
5a752f8cd.jpg,3,862,0,878,253,val
5a8203514.jpg,5,120,0,987,255,train
5a913dda0.jpg,5,0,31,1599,255,train
5a96ebdcf.jpg,3,328,16,385,153,train
5a9f713f3.jpg,5,247,2,1247,231,val
5aa1c319d.jpg,3,986,0,1195,255,val
5aa352ece.jpg,4,1152,24,1383,255,train
5aa7997bd.jpg,5,426,0,1421,255,train
5ad48b934.jpg,1,1436,97,1461,201,train
5ad48b934.jpg,2,1477,0,1507,142,train
5ad537934.jpg,3,466,0,509,29,train
5ad654fc4.jpg,1,1224,195,1554,255,train
5adb00ee3.jpg,3,657,0,844,255,val
5af025ad7.jpg,4,298,2,1277,255,train
5af757935.jpg,5,1,33,665,255,train
5afa3d1e3.jpg,5,246,0,1282,255,train
5afe748ca.jpg,5,863,0,1204,255,train
5aff55ed5.jpg,3,687,99,1227,156,train
5affd9802.jpg,6,121,101,170,243,train
5affd9802.jpg,3,1156,13,1358,124,train
5b0413b89.jpg,5,948,1,1273,252,train
5b077082b.jpg,5,1,63,1562,255,train
5b0da4889.jpg,5,10,9,1444,124,train
5b13aedd6.jpg,3,637,0,892,88,train
5b175c18c.jpg,5,11,0,1034,255,train
5b188752b.jpg,5,171,0,932,255,train
5b1b444e3.jpg,4,295,0,1059,255,val
5b1c96f09.jpg,5,700,0,1478,255,train
5b1e3d933.jpg,5,461,0,1193,255,train
5b1e974a2.jpg,5,93,1,940,255,train
5b202c6f5.jpg,5,234,0,1559,185,train
5b202c6f5.jpg,4,464,1,1052,232,train
5b28f3d4a.jpg,3,652,0,669,252,val
5b334d4db.jpg,5,437,0,1006,255,train
5b470a696.jpg,3,197,1,226,255,train
5b4e446d3.jpg,3,1456,127,1491,255,train
5b537b5fa.jpg,4,631,81,708,215,train
5b53fc5e8.jpg,5,0,2,1534,255,train
5b5543800.jpg,4,982,1,1515,249,train
5b5ad8482.jpg,5,116,31,992,255,train
5b615bff0.jpg,5,381,0,1187,255,train
5b66c8d1f.jpg,5,15,1,1595,255,val
5b6f98ba8.jpg,5,1103,0,1567,255,val
5b73c33d7.jpg,1,313,1,1203,192,train
5b73c33d7.jpg,3,1067,122,1138,252,train
5b88d9e1a.jpg,5,46,0,1599,255,train
5b8ad534d.jpg,6,980,155,1007,214,train
5b9b3c297.jpg,5,700,0,1100,255,train
5b9b3c297.jpg,4,0,0,149,255,train
5b9f92d00.jpg,5,421,0,707,252,train
5ba141d56.jpg,6,1356,0,1403,255,train
5ba43097d.jpg,3,1233,112,1384,253,train
5ba7d0f08.jpg,5,659,0,1375,255,val
5baeac055.jpg,5,213,0,1142,255,val
5bb466d48.jpg,5,445,0,1432,255,val
5bbd809c4.jpg,5,296,0,1425,255,train
5bcaca872.jpg,5,376,0,943,255,val
5bcc61d96.jpg,5,822,0,1368,255,val
5bdf24fa3.jpg,5,676,0,1097,255,train
5bec4663f.jpg,5,0,1,802,235,train
5becb5ee2.jpg,5,818,0,1130,255,train
5bf4948c3.jpg,5,413,0,1288,255,train
5c044192f.jpg,5,510,2,1576,65,train
5c0f7c72d.jpg,3,1453,0,1469,255,val
5c123ad74.jpg,5,149,0,1380,255,train
5c201d9e7.jpg,3,470,53,523,96,train
5c238e376.jpg,5,883,0,1234,255,train
5c36982d0.jpg,3,1132,0,1361,255,train
5c3ba387a.jpg,5,629,0,1002,255,train
5c3e81694.jpg,1,539,1,571,112,train
5c55d1bbf.jpg,3,365,0,434,255,val
5c5aa7bbc.jpg,5,204,1,465,255,train
5c68839d0.jpg,5,170,2,423,255,train
5c6cba0d4.jpg,5,1,0,1361,167,train
5c7613c97.jpg,4,293,0,1598,240,train
5c7a09dc0.jpg,5,253,6,1599,254,train
5c801ba0c.jpg,5,17,0,1431,255,train
5c8104408.jpg,4,132,2,1191,251,train
5c86de06f.jpg,5,505,0,1391,255,train
5c876d114.jpg,5,26,0,1241,255,train
5c8c555a3.jpg,6,812,67,845,255,train
5c9b16686.jpg,5,338,0,1120,255,val
5ca03f4fb.jpg,3,1101,87,1156,153,train
5ca2ccd75.jpg,3,621,1,648,253,val
5ca7fcc19.jpg,2,471,0,544,220,train
5cbfcc4dd.jpg,3,855,30,1118,255,train
5cc07468d.jpg,3,132,231,210,255,train
5cc47b140.jpg,5,282,0,1533,143,train
5cc70cbdb.jpg,4,50,17,321,229,train
5cc9018f0.jpg,3,796,7,845,164,train
5ce3611e3.jpg,5,1207,0,1475,255,train
5cf1c8814.jpg,3,885,0,957,255,train
5cf1cb974.jpg,3,1284,1,1329,254,train
5cf4adf72.jpg,1,421,74,699,249,val
5d044bd2c.jpg,3,1126,0,1312,254,val
5d0b67f94.jpg,4,12,2,631,255,val
5d1aac191.jpg,5,170,0,1147,255,train
5d1d529b0.jpg,5,220,0,1416,255,train
5d218419b.jpg,3,1064,0,1128,255,train
5d2fe9f45.jpg,6,789,59,826,255,train
5d32d076f.jpg,4,743,4,1010,244,train
5d3cbe1fe.jpg,3,220,46,241,255,train
5d853e095.jpg,3,203,0,283,255,train
5d8690cf6.jpg,5,4,0,1223,255,train
5d8c2d90e.jpg,3,1232,1,1281,255,val
5d8d3463a.jpg,5,149,17,1445,255,train
5da78dca1.jpg,3,1017,2,1227,255,train
5db4d2daa.jpg,5,466,1,1164,255,train
5dd5484fc.jpg,5,0,48,856,255,train
5dd89309f.jpg,3,461,0,633,255,train
5de4f67ec.jpg,5,172,1,843,163,val
5e0744d4b.jpg,5,470,2,1313,255,val
5e1f34810.jpg,5,876,1,1596,255,train
5e29012ca.jpg,5,394,77,1537,173,train
5e2aaff78.jpg,3,43,0,263,255,train
5e534a619.jpg,4,343,107,488,233,train
5e570da14.jpg,5,839,0,1248,255,train
5e581254c.jpg,5,894,0,1212,255,train
5e5f3ea95.jpg,5,1046,1,1387,192,val
5e5f3ea95.jpg,4,1086,87,1319,249,val
5e88c8a04.jpg,3,327,4,333,255,train
5e8ca0990.jpg,5,890,0,1232,255,val
5e92f8e11.jpg,5,1133,1,1515,255,val
5ea7bbf5f.jpg,5,356,5,912,246,train
5eae1fad1.jpg,5,113,11,1440,255,train
5eb5348b3.jpg,4,0,0,1591,255,val
5eb928f43.jpg,5,450,0,1144,255,train
5ec5dd646.jpg,3,871,69,1036,136,train
5ec80000e.jpg,3,487,0,590,255,train
5ed08442d.jpg,3,561,19,579,254,train
5ed98fbe2.jpg,3,402,0,630,254,train
5edc97218.jpg,3,691,0,713,255,train
5f0371b4d.jpg,1,778,12,844,83,train
5f0c8d167.jpg,3,1175,12,1375,236,train
5f11a4623.jpg,1,128,0,351,232,train
5f11a4623.jpg,5,802,0,1120,255,train
5f121bfff.jpg,5,10,139,715,255,train
5f173bcc1.jpg,4,841,2,1576,254,train
5f2223804.jpg,3,299,75,336,250,train
5f28ca6de.jpg,5,85,0,1296,208,val
5f33ded37.jpg,3,1042,0,1059,254,val
5f34a730b.jpg,6,33,2,700,181,train
5f39f57ea.jpg,3,1117,175,1139,189,train
5f459aeb3.jpg,4,2,9,1137,252,train
5f4e99fc7.jpg,3,1459,1,1468,251,val
5f5e1e310.jpg,5,839,0,1206,255,train
5fa0b3200.jpg,1,170,0,1105,233,train
5fa81f2b5.jpg,5,706,0,1237,255,train
5fb05ccea.jpg,5,61,0,609,255,train
5fccf97d8.jpg,6,159,0,533,254,val
5fd74daee.jpg,1,715,13,778,76,train
5feafe9c5.jpg,5,251,0,1277,255,train
5ff129eb1.jpg,5,667,0,1399,254,train
5ff533576.jpg,5,671,0,1222,254,val
5ff5438f5.jpg,3,599,43,914,154,val
5ff6ee14c.jpg,3,149,178,226,255,train
602288d9c.jpg,5,210,1,600,255,train
6023f98ef.jpg,5,157,0,754,255,train
602bfaba5.jpg,4,39,83,1260,239,train
603bb9003.jpg,1,62,16,547,238,train
603bb9003.jpg,3,899,109,927,172,train
604e200e1.jpg,3,295,207,1598,255,train
6057916d4.jpg,3,1210,68,1361,252,val
605ed0050.jpg,2,977,109,990,255,train
606f35768.jpg,1,968,0,992,99,train
607105dac.jpg,1,707,122,740,205,train
6078cc0b1.jpg,5,56,0,608,255,val
6081f6677.jpg,5,55,0,408,255,val
6085fc4cc.jpg,5,879,1,1169,255,train
60906c3a1.jpg,3,0,3,213,93,train
60a4b3df2.jpg,3,37,12,118,224,train
60a5ee89e.jpg,3,667,0,684,255,val
60aca03e2.jpg,5,486,104,1361,212,val
60bc48f6b.jpg,5,429,0,1023,254,val
60bdfb21b.jpg,3,435,165,683,220,train
60d7248a8.jpg,6,220,32,1031,247,train
60d7248a8.jpg,3,1273,207,1444,255,train
60d7ee261.jpg,5,413,0,1586,255,train
60efe3f90.jpg,4,1106,67,1589,255,train
60f9f7ff2.jpg,5,97,115,1386,214,train
60fb3a793.jpg,3,768,87,815,173,train
6100fae0f.jpg,6,227,55,448,231,train
61204ded5.jpg,5,347,0,1403,255,train
61228a49c.jpg,5,328,0,1395,255,val
612c0d930.jpg,3,1448,0,1468,208,train
6143631ab.jpg,3,1132,5,1166,255,train
61457b567.jpg,4,1150,143,1212,231,train
6149dc4ee.jpg,6,1284,35,1309,160,val
6149dc4ee.jpg,3,1112,1,1121,255,val
614a8349b.jpg,3,1025,0,1077,255,train
614e8523d.jpg,5,792,0,1194,255,train
616646b4d.jpg,5,839,0,1096,255,train
6181b0a92.jpg,2,400,0,485,255,train
61835d07a.jpg,3,1248,0,1460,235,train
618f0ff16.jpg,3,694,2,714,255,train
6190fe546.jpg,5,865,0,1239,255,val
61a06d797.jpg,3,970,0,1064,220,train
61a0d669a.jpg,5,384,87,1117,255,train
61a365822.jpg,3,1073,0,1100,255,train
61b4b7771.jpg,3,1171,1,1220,252,val
61bbee823.jpg,3,499,2,585,205,train
61bc906d9.jpg,5,1135,0,1492,255,train
61be1f51b.jpg,4,954,1,1257,197,train
61cbb3c15.jpg,5,74,0,1293,255,train
61dff697f.jpg,3,1200,8,1349,237,train
61e8a808c.jpg,3,759,3,1045,151,train
61f22bd01.jpg,3,698,2,716,239,train
61f93524d.jpg,5,507,12,1442,255,train
61f93524d.jpg,4,373,176,504,237,train
620100d93.jpg,5,131,0,1425,158,train
620568126.jpg,5,244,0,1000,255,train
6209acbc4.jpg,1,1439,73,1489,202,val
620f810e7.jpg,5,288,0,1054,255,train
62122709f.jpg,5,50,0,1174,255,train
6212e44a0.jpg,5,58,1,1088,172,train
6218cd94a.jpg,3,685,2,701,238,train
621c5bfe5.jpg,4,756,77,946,134,train
622086df1.jpg,5,75,13,1385,255,val
622808ac3.jpg,3,804,171,962,231,train
6233c9643.jpg,5,996,29,1585,224,train
6246f7cae.jpg,5,0,0,1340,253,train
624b76e5c.jpg,1,230,96,398,211,val
624e942f6.jpg,5,439,0,1188,255,val
6267f94de.jpg,5,303,1,896,255,train
6276bd13c.jpg,3,1176,1,1328,231,train
627b98bc7.jpg,6,157,0,203,255,val
627b98bc7.jpg,5,209,0,1001,255,val
627fef214.jpg,3,431,2,467,254,train
62849bbef.jpg,5,638,0,1513,114,train
628aaf2df.jpg,6,844,19,1048,250,train
629277c2f.jpg,6,937,29,962,129,val
629900275.jpg,4,858,37,1136,248,train
62a1af2c1.jpg,3,937,0,961,254,train
62a62b552.jpg,5,72,0,1597,255,train
62a9535b1.jpg,6,778,0,807,217,train
62b0a31ba.jpg,3,1041,0,1141,255,train
62b81735c.jpg,5,0,0,904,255,val
62b81735c.jpg,4,1069,32,1197,164,val
62bae0f56.jpg,3,666,1,682,255,train
62bf70fee.jpg,2,1471,0,1512,194,train
62c1c5dcb.jpg,5,0,38,1597,165,train
62d9fd113.jpg,3,7,194,882,255,train
62e356985.jpg,5,209,0,574,253,train
62e356985.jpg,4,1391,36,1510,234,train
62f1544bb.jpg,5,1,0,1527,255,train
62f84c877.jpg,5,79,9,1590,241,train
6308e03ad.jpg,3,1111,0,1192,245,val
631774933.jpg,3,821,2,1006,255,train
631c2334a.jpg,4,1203,111,1408,249,train
631eb3826.jpg,5,53,1,1507,255,train
6320ec8c6.jpg,3,481,0,536,255,train
632133372.jpg,3,1123,0,1170,254,train
6336c7ef4.jpg,5,1,0,1454,254,train
633701ae3.jpg,3,1413,171,1518,240,train
6343860bc.jpg,5,135,0,1599,255,train
6353833df.jpg,5,1090,3,1599,255,train
6355bcd53.jpg,5,889,0,1227,255,train
6355bf572.jpg,1,952,25,969,108,val
636214476.jpg,5,185,2,1457,255,train
636700b91.jpg,5,312,0,1164,255,train
636852a01.jpg,3,1038,0,1088,254,train
636bad9bd.jpg,5,348,0,1153,255,train
638531c87.jpg,3,1193,1,1235,190,train
638b05d55.jpg,3,1431,58,1480,255,val
6395f8bf1.jpg,1,0,0,1240,255,train
63972a7c5.jpg,3,1188,2,1382,250,train
639c7495a.jpg,5,227,0,1043,255,train
63adb88f1.jpg,1,739,8,810,238,train
63b63d495.jpg,5,470,0,1112,255,train
63b6edd7e.jpg,6,701,17,736,255,train
63c46a774.jpg,1,201,0,307,146,train
63c46a774.jpg,3,1,103,50,196,train
63cea57a1.jpg,1,688,110,713,182,train
63cf275e8.jpg,5,232,0,1469,255,train
63d67f57b.jpg,1,1369,208,1404,234,train
63d8f0be1.jpg,5,512,0,1109,255,val
63da8f810.jpg,5,312,0,631,253,train
63fde7ae0.jpg,5,213,0,1564,248,train
6406c1e6f.jpg,3,157,1,282,255,train
640b3aede.jpg,6,104,1,470,255,train
64261b3f7.jpg,3,784,0,998,255,train
642cfbe74.jpg,3,1176,0,1252,255,train
6430ea237.jpg,1,804,5,823,169,train
6430ea237.jpg,3,546,0,568,96,train
64361cd8b.jpg,5,2,38,834,255,train
643f181f4.jpg,3,1042,0,1205,255,train
64443519b.jpg,6,254,19,1138,255,train
64443519b.jpg,3,601,229,661,255,train
644f9c71d.jpg,1,927,16,958,97,val
644f9c71d.jpg,3,25,0,82,65,val
6458159d8.jpg,5,3,0,738,255,val
646a22b43.jpg,3,720,134,742,201,val
646a4e69a.jpg,3,1110,0,1152,255,train
64782db0a.jpg,6,399,1,1402,254,train
648e67d1b.jpg,2,777,0,793,212,val
64934ac51.jpg,3,1396,0,1425,254,val
649822bd7.jpg,5,462,0,1165,255,val
649890305.jpg,3,437,83,928,175,train
64a5f8c80.jpg,5,61,1,728,255,train
64b571a9a.jpg,5,146,0,1547,255,train
64b61a1b3.jpg,3,1387,1,1407,247,train
64c16a1c2.jpg,5,67,0,1599,255,train
64c57880e.jpg,1,544,136,576,204,train
64c97319b.jpg,5,266,0,838,255,val
64ca31bd3.jpg,5,0,0,1599,255,train
64dc9ef9a.jpg,1,364,1,1567,254,train
64dc9ef9a.jpg,3,0,201,188,255,train
64fc246e7.jpg,3,244,0,264,255,train
64fdc1a7a.jpg,3,6,83,205,255,val
650ae9b05.jpg,3,1317,114,1375,165,train
650fa0a7a.jpg,3,940,3,966,250,train
653655d53.jpg,1,912,0,929,199,train
653a31140.jpg,5,318,0,1598,255,val
653eb7e80.jpg,5,431,0,1390,255,train
65657b8ed.jpg,5,193,1,1597,255,val
65688fbc2.jpg,5,301,1,915,255,train
65841b207.jpg,3,1434,0,1471,254,train
6588cf973.jpg,5,66,0,1045,255,train
658ad1fc9.jpg,3,668,70,1022,244,val
65903909a.jpg,5,39,0,969,254,train
659985985.jpg,3,1029,0,1136,255,train
65b01c557.jpg,5,839,0,1182,255,train
65b6e175c.jpg,5,486,0,1126,255,train
65b962305.jpg,4,926,22,1384,255,val
65bb052e9.jpg,5,0,0,904,255,train
65cdc6528.jpg,3,445,0,501,242,train
65d3d7a0c.jpg,5,668,0,1357,255,train
65eed1612.jpg,5,126,23,912,178,train
65f1d83fb.jpg,3,1185,1,1341,255,train
65f40b75f.jpg,6,923,69,1377,234,train
65f9c520b.jpg,5,345,29,994,147,train
6603e9f89.jpg,4,1311,2,1591,173,train
661fcb87e.jpg,3,973,0,1091,255,train
664c8105a.jpg,3,1029,0,1050,255,train
66574a641.jpg,3,1416,156,1473,245,train
6666f7f16.jpg,5,69,0,1058,255,val
6668e50d0.jpg,5,71,92,861,255,train
66849c8bd.jpg,3,658,3,673,255,train
6686b6b23.jpg,3,823,2,1023,255,val
66987e071.jpg,5,300,2,1363,255,val
669dbcc19.jpg,3,0,1,78,255,train
66a7b82b6.jpg,3,301,208,353,255,train
66ac60af4.jpg,3,828,0,862,240,train
66b5d6b19.jpg,5,490,16,1181,110,train
66c272e62.jpg,6,965,105,1004,234,train
66c487b25.jpg,1,1306,0,1320,228,train
66c487b25.jpg,3,605,136,769,195,train
66c7d94b2.jpg,3,689,0,710,255,train
66e43edf6.jpg,1,211,0,347,211,val
66e89afaa.jpg,1,711,79,745,132,train
6705eb964.jpg,3,972,0,993,255,val
670b74b68.jpg,6,1132,81,1179,168,train
670dc6f72.jpg,3,537,1,572,254,train
670dc6f72.jpg,4,0,0,1532,255,train
6714ba056.jpg,5,181,9,1341,120,train
672a24d19.jpg,5,633,0,1513,255,train
6745075b9.jpg,5,108,0,1081,255,train
674be7ddd.jpg,1,58,6,1240,238,train
6753759e0.jpg,3,292,145,310,255,train
67558ad53.jpg,5,0,99,820,234,train
67579f49a.jpg,4,101,27,1012,250,train
675ee4ba3.jpg,5,260,15,1460,242,train
676de457e.jpg,4,1044,0,1599,254,train
67741aee6.jpg,5,240,0,1003,255,val
677828765.jpg,4,379,9,720,199,val
677be2fe2.jpg,5,22,93,713,247,train
677ec10b9.jpg,3,386,2,422,255,train
6791c36e9.jpg,2,2,1,46,255,train
67995d23c.jpg,5,0,69,1350,237,val
679af1ef8.jpg,5,383,37,1401,255,train
679f4601f.jpg,6,1383,13,1467,247,train
67a047923.jpg,5,0,0,1037,255,train
67a174dc4.jpg,5,426,0,1136,255,train
67a5a06f1.jpg,5,605,0,1599,127,train
67a9dd552.jpg,2,34,112,56,255,train
67ae369d2.jpg,3,0,3,93,227,train
67c195368.jpg,5,175,0,1126,255,val
67c9858c9.jpg,3,1165,130,1176,162,train
67d475776.jpg,5,56,2,1531,255,train
67e2d14a6.jpg,3,1199,20,1355,218,train
67f6a8868.jpg,5,101,50,961,254,train
67fce2600.jpg,3,114,0,128,114,train
67fce2600.jpg,4,1121,140,1566,255,train
67fd150c6.jpg,3,1406,54,1491,133,train
67ffa0fc7.jpg,3,732,1,773,255,train
6812ce51c.jpg,5,600,0,1315,255,train
68142cad1.jpg,3,1030,0,1110,255,train
68150e7ff.jpg,5,0,7,1338,128,train
681af7b91.jpg,5,234,17,1296,185,train
681d859d3.jpg,3,158,0,276,255,train
682271cbc.jpg,5,539,11,1366,255,train
6825de090.jpg,5,16,0,1186,255,train
6826c7bde.jpg,1,1439,84,1467,255,val
683ad3cc1.jpg,1,198,0,1087,244,train
6846b82fa.jpg,5,112,0,1599,145,train
684c99351.jpg,3,1081,0,1145,255,train
68511f15f.jpg,6,402,119,444,255,val
685593407.jpg,3,1168,133,1316,255,train
685b767f1.jpg,4,394,0,1000,255,train
6860ae804.jpg,5,210,2,1540,255,val
68656ca18.jpg,3,1456,56,1528,255,train
686579cd4.jpg,5,428,0,1133,255,val
689768b30.jpg,5,290,0,839,231,train
689af3e16.jpg,5,1108,0,1420,255,val
68a2a6fa7.jpg,3,988,69,1233,239,train
68a6a07f3.jpg,3,181,0,257,254,train
68a931b71.jpg,3,0,156,223,255,val
68b70cab1.jpg,3,751,0,779,130,train
68c9524d6.jpg,6,493,1,522,255,train
68cc04a14.jpg,2,128,66,142,255,train
68d3c7be2.jpg,3,755,19,779,255,train
68ebc581e.jpg,5,884,1,1193,255,train
69071acbc.jpg,3,1226,0,1377,205,val
6909e168c.jpg,6,225,23,599,242,train
690afc09e.jpg,6,543,42,590,134,train
6915f678b.jpg,5,674,0,1247,255,train
691680efc.jpg,3,1170,0,1326,203,train
6916a083e.jpg,3,697,0,725,163,train
69205724f.jpg,1,774,118,801,150,train
69231176e.jpg,5,208,53,1177,153,train
69231176e.jpg,4,179,0,1289,225,train
692c14cc2.jpg,3,1148,3,1162,255,train
69365fabd.jpg,5,434,0,1557,255,val
693f88388.jpg,4,254,1,1425,253,train
69403726e.jpg,5,379,44,835,255,train
6943e2d09.jpg,5,10,0,665,251,train
695a460be.jpg,3,462,0,505,242,train
6966ed5f1.jpg,2,528,95,541,255,train
696b8ab21.jpg,3,1062,6,1078,221,train
697149900.jpg,5,961,0,1408,255,train
697427d70.jpg,3,836,112,878,236,train
6976314b8.jpg,3,1083,0,1267,255,train
6985a34e0.jpg,6,166,30,1355,254,train
698995345.jpg,3,79,173,102,242,train
69a826bd5.jpg,4,103,1,534,254,train
69a9effa0.jpg,4,62,1,1512,255,train
69ac3c629.jpg,4,493,2,693,255,train
69c728b51.jpg,3,1175,5,1325,199,train
69d546af3.jpg,5,680,1,1366,254,train
69d95aeea.jpg,3,653,0,672,255,train
69df9d97b.jpg,1,45,3,1365,255,train
69e2943d2.jpg,5,421,0,992,255,train
69e618f88.jpg,5,5,1,1597,255,val
69f290a7f.jpg,6,611,7,1202,125,train
69f290a7f.jpg,3,0,233,61,255,train
69f4aebe6.jpg,4,126,47,883,255,train
69f723ceb.jpg,5,1247,0,1519,255,train
6a0322a07.jpg,5,699,0,1480,255,train
6a06e0328.jpg,5,733,1,1245,255,train
6a15b9733.jpg,4,581,2,1594,251,train
6a248797a.jpg,6,1380,75,1419,161,train
6a4efceac.jpg,5,665,0,1430,251,train
6a567df0b.jpg,5,1,0,1599,255,train
6a64ceedf.jpg,4,843,2,975,239,train
6a6c25bd1.jpg,3,429,0,489,255,train
6a8d360f7.jpg,5,189,8,1591,255,train
6a9ff4b0c.jpg,2,67,0,79,179,train
6aa1495af.jpg,5,400,34,1273,255,val
6aadb8486.jpg,1,784,0,902,255,train
6aaead7bb.jpg,3,1234,27,1386,242,train
6ab70e8cb.jpg,3,1075,0,1210,255,train
6abf76aad.jpg,5,960,0,1576,255,train
6ac1c730f.jpg,3,420,84,449,255,train
6ac1d05d3.jpg,5,188,2,1314,255,train
6ad48f01b.jpg,5,803,13,1413,233,train
6ad48f01b.jpg,4,0,2,562,254,train
6ad67f690.jpg,5,245,0,849,166,train
6adf77c70.jpg,3,326,110,568,239,val
6afbf77ec.jpg,5,233,0,1004,255,val
6b01c6257.jpg,6,51,52,1451,254,train
6b0b37549.jpg,4,1212,0,1599,188,train
6b173c7cd.jpg,1,1373,144,1395,233,train
6b226dec1.jpg,5,0,2,1599,255,train
6b36665ef.jpg,3,641,0,658,253,train
6b39ef48e.jpg,3,943,33,996,237,train
6b3cdd9d1.jpg,4,250,0,1256,255,train
6b3d02bce.jpg,3,728,1,752,253,train
6b4308d55.jpg,3,774,52,869,114,train
6b4d25284.jpg,3,1180,6,1375,234,train
6b513db3b.jpg,3,210,1,224,66,train
6b513db3b.jpg,4,982,0,1398,208,train
6b53b62be.jpg,2,466,0,480,137,train
6b634bbe9.jpg,1,33,9,1502,255,val
6b6a070d0.jpg,5,953,0,1225,255,train
6b7387486.jpg,3,879,1,915,255,train
6b7b04599.jpg,3,1519,172,1578,225,val
6b7e04658.jpg,3,684,102,862,177,train
6b7ea4c13.jpg,5,719,0,1564,255,train
6b86a9593.jpg,2,1431,3,1457,255,train
6b8b5c4a5.jpg,2,1481,0,1498,129,train
6b92f5221.jpg,3,1181,0,1213,170,val
6b9b11301.jpg,3,556,153,931,247,train
6b9bed01e.jpg,3,924,5,957,255,val
6ba94954a.jpg,5,34,3,1115,255,train
6bb002045.jpg,5,884,3,1412,255,train
6bbc3a488.jpg,5,779,0,1163,255,train
6bc7c35cd.jpg,5,447,0,1006,255,train
6bd0ca419.jpg,5,703,1,1484,239,val
6bd87aed9.jpg,5,510,0,1489,255,train
6bdf447c5.jpg,5,727,0,1272,255,train
6be920c9d.jpg,4,917,2,1599,252,train
6becce2bf.jpg,5,252,0,1019,252,train
6bedba903.jpg,5,723,0,1411,214,train
6bf2151b8.jpg,5,0,0,768,255,train
6bf94eea0.jpg,5,237,2,869,255,train
6bf94eea0.jpg,4,1375,167,1467,255,train
6c011fc34.jpg,1,288,0,608,228,val
6c011fc34.jpg,3,433,174,474,196,val
6c04c1f61.jpg,3,513,0,595,255,train
6c0ae9d2d.jpg,3,662,0,678,254,train
6c1118c1b.jpg,5,254,0,1185,255,train
6c15dadb8.jpg,3,375,0,519,255,train
6c1bc5d11.jpg,1,456,5,722,136,train
6c209695d.jpg,4,573,1,739,251,train
6c2bee41b.jpg,6,1456,189,1482,255,train
6c428eb65.jpg,5,8,0,856,255,train
6c43d55eb.jpg,5,127,2,1464,196,val
6c43d55eb.jpg,4,188,0,880,254,val
6c62c50e3.jpg,1,34,1,1272,143,train
6c6b4fb36.jpg,3,1296,3,1395,255,train
6c73bb975.jpg,5,660,0,1402,254,train
6c85ce812.jpg,3,652,32,671,255,train
6c8b1519e.jpg,3,832,0,860,255,train
6c9d6cc47.jpg,6,690,151,715,178,train
6c9f54be2.jpg,3,1044,2,1196,255,val
6ca387398.jpg,5,59,9,847,93,train
6caa89d4e.jpg,1,887,182,920,245,train
6cad486d2.jpg,3,1018,0,1239,255,train
6cb1e08e1.jpg,2,533,0,559,212,train
6cbc3708d.jpg,3,1217,48,1366,244,val
6ccde604d.jpg,5,1155,0,1473,255,train
6ce526a3a.jpg,5,882,0,1187,254,train
6ce9bf7f7.jpg,3,628,192,923,255,train
6ce9ef450.jpg,1,713,90,756,192,train
6cf26b38c.jpg,3,709,1,719,218,train
6d08d7ab4.jpg,5,0,0,1598,255,train
6d1467855.jpg,3,1232,1,1281,255,train
6d266664c.jpg,3,846,0,890,255,val
6d291e247.jpg,2,785,0,897,255,train
6d3f92952.jpg,3,1241,103,1390,254,train
6d5d698e0.jpg,6,1361,26,1395,255,train
6d5fae19b.jpg,5,438,0,1176,255,train
6d6280d5e.jpg,5,317,0,1013,120,val
6d6537ae4.jpg,5,0,0,830,255,train
6d6a1fbe1.jpg,1,683,0,716,79,train
6d7bc57d2.jpg,6,746,162,771,209,train
6d8835463.jpg,3,824,3,876,251,train
6d8835463.jpg,4,373,49,508,252,train
6d9559d13.jpg,3,1161,78,1249,240,train
6d97f7c81.jpg,1,927,0,1000,144,val
6d98714d9.jpg,5,9,106,1033,243,train
6da4236e0.jpg,5,220,44,870,255,train
6da43d9fc.jpg,5,377,0,950,254,train
6dbd47d4f.jpg,3,1139,5,1296,152,train
6dccafc26.jpg,5,481,15,939,237,train
6de495da5.jpg,5,881,0,1218,255,train
6de9ff56a.jpg,3,883,72,1370,136,train
6defb795f.jpg,3,298,1,483,58,train
6dfd81e89.jpg,3,1169,1,1214,183,val
6e0729dc0.jpg,5,41,0,596,255,train
6e18bef6b.jpg,3,1133,0,1377,255,val
6e1a98592.jpg,3,693,0,720,253,train
6e30a9e9f.jpg,5,873,0,1361,246,train
6e30e4696.jpg,5,20,0,1452,255,train
6e34351b6.jpg,3,814,0,827,220,val
6e3f85bb9.jpg,5,601,28,940,218,train
6e441c3e9.jpg,5,619,0,1040,229,train
6e4a1d647.jpg,1,475,21,1276,255,train
6e4a7cca6.jpg,1,732,0,764,238,train
6e62ddf4e.jpg,1,1062,30,1116,222,train
6e6b79dc4.jpg,5,498,0,1083,255,train
6e6b79dc4.jpg,4,298,0,1534,251,train
6e6f0e760.jpg,3,1128,6,1171,164,val
6e6f1adb8.jpg,5,902,3,1211,255,train
6e71531ae.jpg,4,442,0,1599,255,train
6e785e50c.jpg,3,1235,0,1268,255,train
6e7bace88.jpg,3,1002,0,1095,255,train
6e8878a30.jpg,3,1179,23,1335,225,val
6e994b366.jpg,5,676,0,1388,222,train
6e9963232.jpg,5,0,0,271,255,train
6e99aef86.jpg,3,408,78,444,189,train
6ea9f03a2.jpg,5,119,0,1278,255,train
6eb148407.jpg,3,200,135,238,186,val
6eb2c9a9a.jpg,3,1250,3,1284,87,train
6eb8690cd.jpg,1,1476,140,1520,200,train
6ebc3df02.jpg,3,551,144,615,228,train
6ebc3df02.jpg,4,1406,180,1523,255,train
6ec88b7f7.jpg,4,973,4,1596,239,train
6ecfb9df5.jpg,5,0,23,1599,255,val
6ed5cee50.jpg,3,1167,0,1363,241,train
6ed69f517.jpg,5,294,63,1290,243,train
6eda6852e.jpg,5,144,1,1281,255,val
6ee81c40c.jpg,5,62,109,857,255,train
6ee81c40c.jpg,4,920,49,1019,147,train
6eeaaa295.jpg,5,329,0,1382,255,train
6f0683e45.jpg,5,433,0,914,255,train
6f0cd5095.jpg,5,1,3,1441,247,val
6f2357894.jpg,3,1457,1,1545,255,train
6f26ba943.jpg,5,270,1,1259,93,train
6f2c9e945.jpg,3,572,204,672,249,train
6f2c9e945.jpg,4,251,0,903,255,train
6f405f1e3.jpg,5,17,144,775,255,train
6f4510634.jpg,5,178,0,937,255,train
6f45aa88d.jpg,3,0,83,621,149,val
6f46868d9.jpg,3,963,1,1111,255,train
6f490117c.jpg,5,472,0,1148,255,train
6f5080dd7.jpg,3,782,0,993,255,train
6f5299561.jpg,3,653,0,670,255,train
6f74d9e70.jpg,3,7,118,166,255,train
6f96a0814.jpg,2,478,0,500,127,train
6f998a931.jpg,3,377,67,392,210,train
6fa9e1d65.jpg,3,1300,2,1517,227,val
6fa9e1d65.jpg,4,1026,0,1307,108,val
6fabaf589.jpg,3,1216,1,1289,255,val
6faf833c5.jpg,3,1172,0,1354,250,train
6fb878fef.jpg,6,454,36,476,172,train
6fc6a0964.jpg,3,1,165,50,229,train
6fcd94e33.jpg,2,1486,24,1513,254,train
6fcfab295.jpg,5,1031,0,1290,255,train
6fd1ed5aa.jpg,4,501,0,1544,244,train
6fd6355e3.jpg,3,1014,0,1071,97,train
6fd820bb6.jpg,5,891,0,1227,255,val
6fd820bb6.jpg,4,440,60,624,237,val
6fdd5f4ac.jpg,3,424,2,444,255,train
6fdf2d1be.jpg,2,914,0,947,180,train
6fdf2d1be.jpg,3,51,50,80,146,train
6fe50d73a.jpg,5,419,0,1547,255,train
6ff11b744.jpg,1,1384,8,1402,77,train
6ff8d1e9c.jpg,5,302,0,1585,255,train
700209a95.jpg,4,104,69,1031,251,train
700de40a7.jpg,5,865,0,1517,255,train
7025a90c1.jpg,5,695,0,1367,255,train
70279ce5b.jpg,5,0,0,1567,255,train
702bf6ed3.jpg,3,1206,111,1352,255,train
703421ef2.jpg,3,888,0,919,255,train
7039151ef.jpg,3,1235,1,1271,187,train
7045c2a55.jpg,3,1184,0,1336,253,train
7046618f6.jpg,1,294,6,807,208,val
70639811b.jpg,3,636,2,657,253,train
7063cb92d.jpg,5,860,0,1286,195,train
7068ee9f0.jpg,5,774,31,1355,238,train
707534bdb.jpg,5,412,73,883,211,train
70807c2c5.jpg,3,1154,0,1381,255,train
708756850.jpg,4,905,142,1020,254,train
708b5813f.jpg,5,883,18,1481,127,train
708c66026.jpg,3,1000,0,1037,255,train
7095ad89d.jpg,4,210,0,685,255,train
7095dc41e.jpg,5,117,0,1016,255,train
709ee2497.jpg,5,393,0,1599,255,val
70a1d1d39.jpg,4,325,4,444,158,train
70a38928c.jpg,3,1250,0,1295,255,train
70a3c6b4d.jpg,5,1,94,1599,153,train
70a644cb3.jpg,3,302,0,395,255,train
70b0fb0cd.jpg,3,1146,128,1160,255,val
70be92f18.jpg,4,1053,8,1135,249,train
70ce9b55b.jpg,3,1225,0,1388,241,val
70dd2c2f8.jpg,3,1185,26,1211,255,train
70e4c95b6.jpg,3,1111,0,1233,254,train
711069458.jpg,5,6,0,1033,255,train
711d59ca6.jpg,3,1167,37,1345,255,val
711e49f96.jpg,3,666,22,696,255,train
712f7df78.jpg,4,419,48,645,189,train
712faf067.jpg,5,53,137,1014,255,train
713e97c97.jpg,1,20,0,580,255,val
713f8ef91.jpg,3,1037,0,1086,255,train
714256911.jpg,1,431,28,543,253,train
714256911.jpg,3,599,84,947,187,train
7149874c8.jpg,3,778,0,804,255,train
7150719e7.jpg,5,816,0,1116,255,val
71553a0d8.jpg,3,163,0,198,91,train
71553a0d8.jpg,4,681,0,1466,156,train
715561f42.jpg,3,1035,0,1222,255,train
7155ea2e8.jpg,5,427,1,1135,255,val
7158531d8.jpg,3,1037,0,1207,255,train
715a4faf3.jpg,5,424,0,992,255,train
7168496a4.jpg,5,427,0,1134,255,train
718f6439c.jpg,5,674,0,1570,255,train
719519f07.jpg,1,313,6,1439,254,train
71aec9cb8.jpg,4,237,7,411,157,train
71b1e90a5.jpg,4,235,8,1346,252,train
71b3a6858.jpg,2,1525,0,1564,255,train
71b815a2d.jpg,5,209,1,663,255,train
71c2116d8.jpg,5,217,49,945,255,train
71ce72925.jpg,3,671,0,691,253,val
71d3b0598.jpg,5,397,0,1169,214,val
71dd5a232.jpg,6,937,0,999,232,train
71e2bb12a.jpg,3,441,0,486,242,train
71e55c4e5.jpg,3,1200,1,1412,255,train
71efb042b.jpg,5,502,1,1065,254,train
71f154968.jpg,3,509,79,679,146,train
71f2ce9ab.jpg,1,1359,117,1407,214,train
71f687e7d.jpg,5,480,0,1290,255,train
71fd2d0cc.jpg,3,1099,4,1107,231,train
7202e52d8.jpg,6,928,18,1088,250,train
720e3f026.jpg,3,1173,0,1205,131,val
7210ffc2d.jpg,5,190,0,1229,255,train
7220aba6c.jpg,3,676,2,700,255,train
722df0394.jpg,3,626,2,652,255,val
7232c2ceb.jpg,5,501,0,1306,255,train
7242fe32c.jpg,5,456,0,1348,174,train
7242fe32c.jpg,4,357,161,481,255,train
7249ae1f4.jpg,5,308,0,1258,255,train
724dd91a0.jpg,2,934,80,970,255,train
72613a1e3.jpg,3,1284,76,1433,255,train
726271bfe.jpg,5,505,0,1386,255,train
726cff75f.jpg,3,1224,139,1596,254,train
72a7ff0db.jpg,3,1441,0,1486,252,train
72a7ff0db.jpg,4,263,10,501,255,train
72aaba8ad.jpg,4,524,120,816,252,train
72b465391.jpg,1,1442,118,1462,255,train
72bb7c7bc.jpg,2,543,16,568,255,train
72bd7d348.jpg,3,1225,67,1257,213,train
72bebf035.jpg,6,144,0,262,141,train
72c75d701.jpg,5,1,46,1533,255,train
72cbdf3c1.jpg,3,713,4,913,247,train
72d5da20f.jpg,5,71,0,1345,255,train
72df2d40d.jpg,3,1228,0,1418,249,train
72e49c314.jpg,3,1171,1,1331,201,train
73059a959.jpg,3,1022,143,1035,180,train
73122f910.jpg,3,525,1,561,194,train
7329b8668.jpg,5,169,0,1186,255,train
732bd67ee.jpg,1,716,126,732,233,train
73303e8a0.jpg,5,533,0,1085,255,train
733e36f26.jpg,3,755,34,786,214,val
73472d296.jpg,5,161,0,993,211,train
735d9afc3.jpg,3,501,0,640,255,train
7365300fe.jpg,5,99,0,1088,255,train
736c09835.jpg,1,136,8,1580,234,train
7378f1d94.jpg,3,639,20,1030,170,train
737ae5c95.jpg,4,198,2,932,253,train
738850f07.jpg,3,1093,0,1112,223,train
7393b145f.jpg,5,790,78,1521,198,train
739a0aa20.jpg,2,51,40,76,255,train
739f32100.jpg,3,828,0,866,254,train
73a4c6d1f.jpg,1,1374,152,1406,209,val
73afc8798.jpg,1,882,0,896,255,train
73bf92d94.jpg,5,25,0,760,255,train
73c295786.jpg,3,583,124,945,255,train
73cdb1d89.jpg,3,257,2,318,255,train
73d04325d.jpg,5,333,1,637,255,val
73d381ad2.jpg,1,1436,36,1472,255,train
73d4306c8.jpg,3,623,0,788,43,train
73d4dae19.jpg,3,830,4,960,252,train
73d4dae19.jpg,4,263,1,413,227,train
73d8f9fa7.jpg,5,0,0,1293,231,train
73e1969d4.jpg,4,265,0,1135,255,val
73ebd716c.jpg,3,511,164,579,219,val
73f4fb776.jpg,5,496,63,1109,169,train
7404322b0.jpg,3,649,127,1320,194,train
74048991c.jpg,3,1062,0,1219,255,val
740dac02b.jpg,3,1035,0,1056,255,val
7410d4361.jpg,3,775,182,935,246,train
741265573.jpg,1,962,46,994,138,train
74131d9ff.jpg,5,0,92,1594,160,val
741a5c461.jpg,3,1058,0,1081,255,val
7420f27c9.jpg,5,624,1,1070,255,train
7424ab9af.jpg,5,257,89,931,224,train
7435bcc25.jpg,5,23,0,623,255,train
74443f387.jpg,3,713,0,873,255,train
74472e481.jpg,5,607,1,1194,255,train
744c6de01.jpg,3,237,63,500,188,val
744c77e7d.jpg,5,679,0,1309,255,val
744e852d6.jpg,4,833,49,1340,192,train
7454d922e.jpg,3,1122,12,1232,66,train
7454d922e.jpg,4,1336,183,1399,250,train
746417f50.jpg,3,628,0,700,255,train
74661f8d7.jpg,5,555,0,1424,255,train
746863c8f.jpg,5,872,0,1175,255,train
7486d3e78.jpg,6,421,67,453,255,train
748dffce7.jpg,3,1127,0,1346,240,train
749407e33.jpg,5,61,0,390,212,val
74abdf1ef.jpg,3,205,1,278,255,train
74ac88f43.jpg,3,1087,3,1114,255,train
74ae351dd.jpg,3,698,3,726,253,train
74aedfa3c.jpg,2,437,0,477,198,train
74b25b3a2.jpg,5,851,3,1223,255,train
74bb2c5ff.jpg,1,185,0,653,255,val
74bd73f6d.jpg,5,211,0,948,144,train
74bd73f6d.jpg,4,949,0,1597,255,train
74cd21b41.jpg,1,753,188,793,253,val
74d1cd5e3.jpg,2,553,0,585,233,train
74e593376.jpg,5,175,0,873,255,train
74fd247fc.jpg,4,1488,131,1538,255,train
75070e973.jpg,4,0,4,357,252,val
751db247d.jpg,2,434,102,453,255,val
75361926d.jpg,4,564,1,617,61,train
7549c90b1.jpg,3,1242,0,1441,255,train
754c97c4e.jpg,3,1136,0,1335,255,train
756390c3a.jpg,3,1048,5,1267,255,val
756e03bd3.jpg,1,48,71,559,254,train
757577d91.jpg,6,956,3,1013,231,val
75778a6a1.jpg,5,290,2,1022,135,train
75785b3eb.jpg,3,1034,0,1195,223,val
7579146ed.jpg,2,577,27,595,158,train
757aa3828.jpg,3,1331,0,1357,246,val
7581cba15.jpg,4,1264,76,1398,255,train
75878cb48.jpg,5,0,51,1233,254,train
758e655a8.jpg,5,151,28,1417,255,train
759075283.jpg,5,0,0,1596,255,train
75970889c.jpg,5,207,0,1540,255,train
759b68ebd.jpg,3,936,0,962,255,train
75a2d7690.jpg,5,370,0,1193,255,train
75ab0593e.jpg,3,1383,4,1415,252,train
75c6af69c.jpg,5,455,2,1261,255,train
75e1310cc.jpg,5,516,0,1280,255,train
75e84fb14.jpg,3,616,3,641,255,train
75ea4c672.jpg,5,138,0,1422,255,train
75f92b24f.jpg,3,707,0,721,252,train
75fe9024a.jpg,5,6,10,1563,255,train
7604be5f3.jpg,3,745,1,936,255,train
76094e200.jpg,5,682,1,1360,249,val
76096b17b.jpg,1,1377,25,1413,191,train
760bc3180.jpg,3,1225,3,1267,255,train
7612f0d6c.jpg,3,921,0,952,89,train
76165cccc.jpg,5,766,0,1253,255,train
7620c36fb.jpg,5,0,1,323,255,train
7626234a2.jpg,5,0,39,953,255,train
762c16cc9.jpg,3,378,0,547,255,train
763402396.jpg,5,368,9,1170,224,train
763871334.jpg,3,939,0,999,255,train
7638de35f.jpg,3,853,0,880,255,train
764275950.jpg,4,1061,130,1178,255,val
764fa24b0.jpg,3,628,0,829,59,train
764fa24b0.jpg,4,0,0,282,255,train
76532309b.jpg,1,197,32,1217,173,train
765876b94.jpg,5,320,0,1182,255,train
766438a3b.jpg,5,62,0,1580,255,val
7668b7312.jpg,5,539,0,1106,255,train
767b96d1a.jpg,3,539,0,709,255,train
768eff9be.jpg,1,1264,93,1279,138,train
7690902ee.jpg,3,40,102,400,234,train
769fe56c3.jpg,3,363,0,595,87,val
76a390db7.jpg,3,1051,5,1086,254,train
76a7e1815.jpg,5,628,0,1599,74,train
76aba363e.jpg,5,797,0,1190,255,train
76adc6361.jpg,1,131,4,1427,202,val
76b119e36.jpg,5,507,0,1205,255,val
76bbd78b2.jpg,1,1151,67,1174,254,train
76c165a4f.jpg,4,405,23,727,162,train
76c20b5af.jpg,3,564,0,798,191,train
76ff61cb4.jpg,5,330,0,1206,255,train
77064b126.jpg,5,115,0,1599,255,train
772f0460a.jpg,5,883,0,1244,255,train
77343ffda.jpg,5,55,0,1354,172,train
773948ca6.jpg,3,1184,1,1333,205,val
7740cc61d.jpg,4,439,1,1595,204,train
774400958.jpg,5,537,0,987,255,train
7749df027.jpg,1,245,0,1331,205,train
776ed4605.jpg,2,1515,1,1534,140,train
7773445b7.jpg,5,296,0,1109,255,train
778bde2b8.jpg,5,0,0,1594,255,train
778e817a9.jpg,3,547,216,641,255,val
77a4fe06f.jpg,3,838,0,979,255,train
77a545147.jpg,3,351,1,375,252,val
77c387f3b.jpg,3,676,19,737,255,train
77c7c7966.jpg,5,374,173,1554,255,val
77dc1cea6.jpg,3,385,43,405,255,train
77df0ea49.jpg,3,643,0,816,246,train
77e1644b2.jpg,5,73,1,967,255,train
77e5c398e.jpg,5,393,0,1561,255,val
77e5c398e.jpg,4,148,0,1087,255,val
77e68176f.jpg,6,487,147,513,214,train
77ed43ae9.jpg,5,972,4,1506,255,train
77f89ceee.jpg,3,1016,2,1044,254,train
78045cb2f.jpg,5,392,2,1599,255,train
7806aa75f.jpg,5,1275,0,1526,255,train
781542bfc.jpg,6,214,111,530,222,train
7827a1157.jpg,3,1098,11,1148,255,train
782cfb1c5.jpg,3,1223,3,1249,255,val
78416c3d0.jpg,5,212,90,1292,255,train
7843767e9.jpg,5,250,0,1010,255,val
784b81af8.jpg,3,589,0,751,255,train
78556368f.jpg,3,173,124,205,254,train
785c2aeb5.jpg,5,878,0,1215,230,train
786980ab9.jpg,3,1145,0,1381,255,train
786faedc1.jpg,3,1127,24,1351,255,val
7880bcef5.jpg,3,1337,1,1382,254,val
78832879c.jpg,3,1207,1,1235,255,train
788a675e7.jpg,3,938,0,1082,253,val
78a084ce4.jpg,3,1266,0,1323,185,val
78a81eb21.jpg,3,704,0,774,255,train
78ac37759.jpg,3,655,64,672,255,train
78adb31b9.jpg,5,655,0,1423,255,train
78b5bc846.jpg,2,497,0,526,255,train
78b8acca7.jpg,5,503,0,1428,255,train
78be7465f.jpg,4,404,17,1275,255,train
78c1353e7.jpg,3,1207,2,1350,240,train
78c25510b.jpg,2,1485,170,1506,248,train
78c34b020.jpg,5,431,0,978,255,train
78d2258f2.jpg,5,631,2,946,255,train
792266a85.jpg,5,434,0,1442,255,train
79307aa18.jpg,5,721,0,1350,255,train
794307d65.jpg,5,881,0,1401,255,train
794ab5277.jpg,5,349,1,1209,255,train
79550304c.jpg,5,786,0,1146,221,train
795907727.jpg,3,1034,1,1064,252,val
79679dd6a.jpg,4,703,55,799,254,train
7970f0008.jpg,1,953,3,1030,255,train
7970f0008.jpg,2,928,2,992,255,train
7971e089f.jpg,3,940,0,1018,255,train
79730ecdc.jpg,4,1220,186,1407,255,train
7981f7773.jpg,5,134,0,1597,255,val
7982045ad.jpg,3,553,1,754,255,val
7982045ad.jpg,4,694,0,776,56,val
7998298c2.jpg,1,718,0,746,123,train
799c386a9.jpg,3,34,0,229,255,train
79adc3616.jpg,5,653,2,1152,255,train
79af8b197.jpg,5,0,1,1596,255,train
79b0f1510.jpg,6,1343,190,1384,255,train
79b39c931.jpg,3,1488,94,1533,174,train
79bac6aca.jpg,3,644,4,660,251,train
79bf82641.jpg,5,41,1,1276,255,train
79c106c42.jpg,4,403,142,1155,255,train
79c456a92.jpg,3,385,43,520,255,val
79c7b230b.jpg,5,421,0,995,255,val
79ccb5e88.jpg,5,678,1,1173,255,val
79d28bbe8.jpg,5,957,0,1223,255,val
79dc6e410.jpg,3,729,24,993,255,train
79f669380.jpg,3,677,0,698,254,train
7a0d758f8.jpg,4,558,0,847,151,train
7a1251b77.jpg,5,142,0,1597,255,train
7a14789e6.jpg,3,599,0,784,255,val
7a16f3a50.jpg,2,1504,52,1569,255,train
7a2096ee2.jpg,5,373,2,1599,147,train
7a249b737.jpg,1,183,2,671,240,train
7a2908c51.jpg,3,1322,0,1345,78,train
7a31a3b5e.jpg,2,464,2,478,78,train
7a32eba62.jpg,3,971,15,1095,255,train
7a5fae002.jpg,3,1077,19,1138,255,train
7a7282702.jpg,1,152,65,1390,252,train
7a7aea2c1.jpg,3,1423,26,1449,252,train
7a807824c.jpg,3,682,1,1025,125,train
7a8a7403c.jpg,5,344,0,1135,210,train
7a8a7403c.jpg,4,851,57,1586,255,train
7a8fcc7df.jpg,5,0,0,1598,157,val
7a92f8486.jpg,3,312,13,363,255,val
7a961ae18.jpg,3,0,194,895,255,train
7aa11e186.jpg,5,660,0,986,255,val
7abb5b1b7.jpg,5,1209,0,1479,255,train
7abd14b6a.jpg,1,64,0,490,195,train
7ac177df0.jpg,3,1131,0,1338,254,train
7ac20d5a6.jpg,4,72,0,666,255,train
7af339322.jpg,3,1401,0,1466,255,train
7af34faaf.jpg,4,1056,4,1446,254,train
7b08e8584.jpg,5,160,0,1599,255,val
7b08e8584.jpg,4,200,196,400,255,val
7b0a87344.jpg,5,1148,0,1453,254,val
7b2257638.jpg,5,304,0,1597,255,train
7b2a06c77.jpg,3,771,0,924,255,val
7b3566fb9.jpg,6,649,67,717,105,train
7b3666172.jpg,3,65,0,111,246,train
7b4bcde18.jpg,5,565,5,1572,255,train
7b4bd28b5.jpg,3,529,207,923,254,train
7b4e8c0d9.jpg,3,163,128,302,207,train
7b5037360.jpg,3,1194,11,1344,211,train
7b545550c.jpg,3,397,0,456,255,train
7b547b234.jpg,3,572,12,623,253,train
7b5dbe34d.jpg,5,848,0,1215,254,train
7b79706b6.jpg,6,880,0,956,255,train
7b80d479b.jpg,5,94,0,602,255,val
7b857d874.jpg,4,1,1,367,149,val
7b8d4b6d4.jpg,5,669,0,1354,255,train
7ba0bbe30.jpg,5,419,0,1017,255,train
7ba14848e.jpg,3,1350,10,1459,255,train
7bb25cc94.jpg,6,698,133,743,202,val
7bb3640ce.jpg,1,749,17,1085,243,val
7bde96c82.jpg,3,1268,1,1289,255,train
7be8a27c8.jpg,6,442,53,486,255,train
7bec3eeb7.jpg,5,243,0,1559,254,train
7bf93c787.jpg,5,637,1,1113,255,val
7c00478a3.jpg,5,260,0,903,255,train
7c02570e9.jpg,3,436,69,454,237,train
7c0745f39.jpg,6,809,0,849,255,val
7c159d683.jpg,5,538,0,1185,255,train
7c1bcd3f1.jpg,3,819,25,850,229,train
7c27585fd.jpg,5,269,2,1223,255,train
7c27b239d.jpg,3,217,0,243,255,train
7c3930f4d.jpg,1,740,91,767,176,val
7c3a553d0.jpg,5,556,37,1355,202,train
7c570d51c.jpg,5,660,0,1282,253,train
7c5918274.jpg,5,163,0,920,255,train
7c5918274.jpg,4,249,70,410,255,train
7c6e58a02.jpg,3,1276,155,1324,214,train
7c764812d.jpg,6,772,0,958,214,train
7c764812d.jpg,3,638,1,676,52,train
7c77632e8.jpg,5,438,1,1450,228,train
7c7f040ca.jpg,5,474,0,1535,254,train
7c83d2da1.jpg,5,344,0,1182,175,train
7c83d2da1.jpg,4,964,55,1104,185,train
7c847f7b3.jpg,1,511,40,533,120,val
7c8a469a4.jpg,5,676,0,1091,255,train
7c90f66d5.jpg,4,0,52,235,254,train
7c9351453.jpg,5,1,66,1447,230,val
7c95cddba.jpg,5,185,2,637,255,train
7c95f2d2d.jpg,5,365,1,1459,255,train
7c98d8010.jpg,5,77,0,1053,255,train
7ca2551c2.jpg,2,910,104,923,254,train
7cb5bd6f1.jpg,5,227,27,1174,202,train
7cb5bd6f1.jpg,4,612,71,895,255,train
7cf4f552c.jpg,3,1038,0,1063,232,val
7cf7e0fa6.jpg,3,1094,0,1116,127,train
7cfcbdc4a.jpg,5,71,0,1598,255,train
7d0ee3cd7.jpg,3,1093,54,1297,255,train
7d1c4482e.jpg,3,309,1,376,255,val
7d58142ba.jpg,3,1049,0,1188,240,train
7d582e90d.jpg,5,227,0,492,254,val
7d84f4365.jpg,5,338,0,1182,255,train
7d9d29d28.jpg,6,967,1,1005,205,train
7d9d768e0.jpg,3,781,1,804,255,train
7da7fdfca.jpg,5,68,0,1055,255,train
7da901e89.jpg,3,1045,0,1055,255,train
7db22f39a.jpg,5,495,0,1127,255,val
7dc8d94dc.jpg,3,291,126,333,212,val
7dcd46899.jpg,2,48,25,70,187,train
7dcd9d8e2.jpg,5,403,0,1571,255,train
7dd4d0f90.jpg,5,163,0,1324,255,val
7dd604aa8.jpg,3,786,0,807,223,train
7de00739f.jpg,3,455,43,475,170,train
7de37a671.jpg,5,665,0,1506,254,train
7dfb9d916.jpg,3,670,1,692,254,train
7e0a4584c.jpg,3,1047,1,1145,255,train
7e0e39e4c.jpg,5,686,0,1539,224,train
7e18303fd.jpg,4,1174,1,1441,123,train
7e25a3973.jpg,4,116,4,1075,214,train
7e49d3022.jpg,3,126,0,224,119,train
7e57b31f7.jpg,3,427,191,460,255,train
7e6015fc5.jpg,5,1051,0,1437,251,train
7e62bc462.jpg,5,1047,15,1426,255,train
7e63e3baf.jpg,3,1138,53,1207,255,train
7e65bb413.jpg,3,832,0,885,255,train
7e6fe6786.jpg,4,909,132,1065,202,train
7e7647e70.jpg,1,722,168,753,227,train
7e76fd8b1.jpg,3,863,192,904,255,train
7e8dfabba.jpg,5,764,1,1142,255,train
7e9778a9f.jpg,3,1180,8,1376,219,train
7e9c7f52d.jpg,5,575,0,1198,255,train
7ea03b257.jpg,4,791,0,1475,255,train
7eacbdb66.jpg,5,30,0,1335,255,train
7eb32e8b8.jpg,3,1123,4,1330,255,train
7eb958c89.jpg,2,1494,0,1518,153,train
7ec4cd778.jpg,5,81,0,1597,255,train
7ec79c490.jpg,3,1199,1,1356,191,train
7ed64642e.jpg,5,58,0,1175,255,train
7ee479373.jpg,5,628,0,1073,255,val
7ee4ba925.jpg,3,188,1,260,255,val
7efadd1c6.jpg,3,880,0,1072,191,train
7f08f6d42.jpg,3,762,0,1008,255,train
7f1b37606.jpg,3,320,1,373,146,train
7f1b37606.jpg,4,500,12,769,251,train
7f25edc7a.jpg,3,1092,1,1285,255,train
7f281a162.jpg,3,318,0,339,254,train
7f30a2a1e.jpg,3,1245,1,1274,255,train
7f30b9c64.jpg,5,56,0,1527,255,val
7f30b9c64.jpg,4,356,0,562,253,val
7f3181e44.jpg,2,95,0,107,255,train
7f3204217.jpg,5,507,0,1275,255,train
7f4bbb940.jpg,1,750,108,802,246,train
7f52709ea.jpg,1,1086,38,1163,246,train
7f577c471.jpg,1,407,45,445,120,train
7f5d1da76.jpg,5,623,15,1484,246,train
7f67ad59d.jpg,5,6,0,750,255,val
7f777ba81.jpg,3,1231,16,1244,102,train
7f8594d4b.jpg,5,431,0,1104,255,val
7f8d10098.jpg,4,396,130,1595,185,val
7f9d758d7.jpg,1,541,173,572,223,train
7fb0c3636.jpg,5,661,1,1122,254,train
7fc69d9fd.jpg,3,561,0,811,255,train
7fc7bab6b.jpg,3,942,0,1205,173,train
7fc8b1ce5.jpg,5,0,0,1365,233,train
7fc9cb824.jpg,5,0,0,290,255,train
7fd3d58a5.jpg,5,641,0,923,255,train
7fe4674f9.jpg,3,1225,0,1456,254,train
7fe5d431f.jpg,3,1244,0,1273,255,train
7fe5d431f.jpg,4,593,63,661,255,train
7ff50bb90.jpg,5,1262,5,1528,255,val
7ff9e795d.jpg,4,313,12,801,252,val
800b8c9d1.jpg,5,92,0,1175,255,val
8016e642c.jpg,5,424,0,1599,255,val
801887861.jpg,5,484,0,1568,255,train
801d299ac.jpg,5,0,109,926,255,train
802de5801.jpg,1,347,93,406,201,train
805ea1870.jpg,5,560,0,935,255,val
8066b7589.jpg,5,735,0,1327,255,train
8066b7589.jpg,4,798,23,919,129,train
8071db7b3.jpg,5,431,0,1125,255,train
807ef1574.jpg,3,708,168,1003,255,train
80841e418.jpg,3,683,6,697,252,train
80842d229.jpg,4,784,0,1211,255,val
808c30930.jpg,5,328,46,1497,177,train
808e3f8b8.jpg,3,945,0,1029,255,train
80932154b.jpg,3,1035,1,1157,255,train
80cb85650.jpg,5,116,0,812,255,train
80d241bc5.jpg,1,698,69,722,227,train
80d40cc9c.jpg,3,221,0,449,255,train
80d60d687.jpg,3,654,0,820,255,train
80db59ec2.jpg,3,797,79,818,164,val
80db59ec2.jpg,4,179,0,758,255,val
80de9f3e1.jpg,3,847,0,873,255,train
80e2353c4.jpg,5,43,1,325,255,train
80f2eef6e.jpg,5,658,0,1338,255,train
80f7d7679.jpg,3,1267,23,1413,223,val
810f7826a.jpg,5,857,0,1231,249,train
810f96801.jpg,5,478,15,910,255,train
81137ae8b.jpg,5,506,0,1429,255,train
812ddd1e4.jpg,5,765,47,1360,235,train
816a3d605.jpg,3,1250,0,1432,255,train
816a3d605.jpg,4,553,0,630,255,train
81770ddda.jpg,5,593,0,1470,255,train
8177945a9.jpg,1,350,27,500,255,train
817a545aa.jpg,5,806,0,1105,255,train
817c6c7a8.jpg,5,111,0,805,253,train
81847fd11.jpg,4,457,75,978,245,train
81891e821.jpg,3,1174,2,1372,234,train
818a68773.jpg,5,259,0,1245,255,val
81ab8f502.jpg,5,364,0,921,255,val
81aed13bf.jpg,1,293,1,584,209,train
81aed13bf.jpg,3,818,1,868,255,train
81b4bf91a.jpg,5,591,0,1308,255,train
81b699f38.jpg,3,117,0,151,255,train
81b6f3cca.jpg,2,429,0,451,255,train
81b6f3cca.jpg,3,1257,129,1308,191,train
81c37d5f1.jpg,1,294,9,1268,253,val
81e8d9fd9.jpg,4,0,0,798,255,train
81f75d1b5.jpg,5,245,0,1001,255,train
81fa665da.jpg,5,0,0,1450,194,train
81ff630e3.jpg,6,283,0,1262,128,train
81ff630e3.jpg,3,138,109,171,142,train
820a86bdd.jpg,4,35,1,605,255,train
820c4f78c.jpg,3,774,60,787,191,train
82168bba3.jpg,3,866,0,896,191,val
822ccb565.jpg,5,275,0,1226,255,train
823994b16.jpg,3,614,9,851,251,train
8248c9b1d.jpg,3,968,168,1181,213,train
8248c9b1d.jpg,4,218,0,1135,198,train
82532a288.jpg,5,685,107,1587,238,train
825a8ea8f.jpg,6,470,5,1066,231,train
825a8ea8f.jpg,5,594,163,1495,255,train
825d06c01.jpg,5,408,0,1255,255,train
82602cb06.jpg,4,17,0,599,255,train
8266cca81.jpg,5,43,0,1306,255,train
8299f5460.jpg,3,1399,0,1432,251,train
8299f5460.jpg,4,0,28,1317,255,train
82aafd015.jpg,3,1332,3,1377,44,train
82ab1eb7f.jpg,6,163,112,257,204,train
82b23f53c.jpg,5,432,0,688,255,train
82b258bf4.jpg,3,1113,8,1326,212,train
82be365ea.jpg,5,1183,0,1568,255,val
82bee96b8.jpg,4,852,3,1011,254,train
82c806ebb.jpg,5,617,0,1259,255,train
82cf55ab9.jpg,5,479,0,1118,255,train
82d728afa.jpg,3,217,0,279,94,val
82e11b4e4.jpg,3,206,53,254,123,train
82e2cffe0.jpg,5,508,0,1123,255,train
82e32c810.jpg,3,1478,135,1518,218,train
82e82b713.jpg,3,537,0,571,75,train
82f31d10e.jpg,5,11,99,443,255,val
82f3be402.jpg,5,607,0,1189,255,train
82f4c0b69.jpg,3,440,0,637,243,train
82f6ab6aa.jpg,6,1270,82,1289,180,train
82fc300b4.jpg,5,861,0,1421,255,train
830ab6c11.jpg,5,224,3,782,255,val
8313b4e90.jpg,5,297,48,1002,168,train
83298d267.jpg,4,1421,83,1597,196,val
832c4b74c.jpg,5,3,0,791,255,train
833433e81.jpg,4,659,51,778,175,train
8344ef24d.jpg,3,255,134,322,209,train
8345249a8.jpg,5,119,0,975,255,train
83476e834.jpg,6,72,15,376,209,train
8355a5249.jpg,3,770,183,816,231,train
8364a4654.jpg,5,693,0,1133,255,train
8364cd311.jpg,4,798,27,972,197,train
8366824fe.jpg,4,1147,2,1578,243,val
836ccf3b0.jpg,5,37,0,1243,254,train
837645cf1.jpg,6,1250,3,1463,255,train
837d38c91.jpg,3,1326,12,1375,188,train
838135ec4.jpg,5,29,0,1475,255,val
838135ec4.jpg,4,1089,106,1467,255,val
8399a4300.jpg,5,76,0,1287,255,train
839fedbb2.jpg,5,999,0,1599,250,val
83ba89ac3.jpg,5,260,7,667,206,val
83ba89ac3.jpg,4,1240,2,1367,52,val
83c2e79d1.jpg,3,1286,0,1493,255,train
83c431c22.jpg,3,544,37,849,103,val
83d2fffd3.jpg,6,220,23,1336,241,train
83d2fffd3.jpg,3,772,1,1013,253,train
83d9b39c8.jpg,5,683,1,1384,254,train
83e63937d.jpg,5,526,0,1480,255,train
83e65d90e.jpg,5,338,0,1324,255,train
83eb3fd63.jpg,5,0,156,1599,222,val
83f82db15.jpg,5,406,0,1256,255,train
83f88d92e.jpg,3,741,0,995,226,train
83f88d92e.jpg,4,1070,104,1224,255,train
8417eb22d.jpg,5,427,0,1235,255,train
841c1f67e.jpg,5,457,0,1395,255,val
841c364ec.jpg,5,273,0,1599,244,train
84232105a.jpg,4,81,14,887,254,val
843b29efa.jpg,5,283,0,617,253,train
843b29efa.jpg,4,1142,0,1327,252,train
843f0ae15.jpg,5,933,32,1383,255,train
843f0ae15.jpg,4,117,0,282,255,train
8445de2d9.jpg,3,819,0,836,255,train
844a48ae2.jpg,5,786,0,1039,255,train
845935465.jpg,5,677,0,1352,254,train
846788254.jpg,6,262,0,1344,255,train
846a8ccab.jpg,3,1279,6,1335,123,val
8478415cf.jpg,5,201,0,1526,255,train
847b7640a.jpg,5,972,1,1226,255,val
8484468e0.jpg,5,240,0,892,255,train
84865746c.jpg,3,740,76,784,255,train
84865746c.jpg,4,1120,99,1255,244,train
848713301.jpg,1,1224,139,1321,244,train
848a1b795.jpg,5,138,0,1184,255,train
848b66095.jpg,5,402,0,895,224,val
849d70baf.jpg,5,573,0,1324,255,val
84a3347e4.jpg,5,1038,0,1597,255,train
84a9ab164.jpg,5,427,0,1101,255,val
84ba31d0a.jpg,1,1127,127,1171,177,train
84beeb839.jpg,5,491,9,1035,255,train
84c34d791.jpg,5,83,0,1096,254,train
84c34d791.jpg,4,1260,1,1514,236,train
84d1278e3.jpg,5,79,0,360,255,train
84d30fb77.jpg,5,398,0,1501,246,train
84df99a15.jpg,3,1146,15,1329,253,train
84e51db1c.jpg,5,140,18,942,254,train
84e51db1c.jpg,4,493,0,687,255,train
84eac92fc.jpg,3,334,2,418,255,train
84edf7afb.jpg,5,400,0,1446,239,train
850058ea8.jpg,5,47,0,1051,255,train
85107deb3.jpg,3,938,150,1089,203,train
8516fcc92.jpg,3,946,219,1001,255,train
8527d0b55.jpg,5,0,0,1554,254,train
8527d0b55.jpg,4,1191,0,1362,255,train
85294cff9.jpg,1,1498,165,1520,218,val
85294cff9.jpg,2,1500,0,1529,142,val
853ad65f0.jpg,3,169,0,221,253,train
8540353ea.jpg,3,525,0,692,254,train
854baa70c.jpg,1,764,94,808,175,val
8562a95b4.jpg,5,46,0,1329,255,val
856f0b6bd.jpg,5,162,0,1209,255,train
857400707.jpg,3,565,43,608,74,train
857f907cc.jpg,5,326,41,1472,255,train
858213368.jpg,4,1238,26,1579,247,train
85adaa491.jpg,6,1498,194,1518,247,train
85b72c878.jpg,3,1366,101,1440,228,train
85b8f9d06.jpg,3,382,0,465,253,train
85c5631bd.jpg,3,387,1,413,255,train
85e44e158.jpg,5,86,0,1149,255,train
8600decb6.jpg,5,434,0,1069,255,val
86063fcba.jpg,1,327,22,604,191,val
8611deb61.jpg,5,482,0,1120,255,train
861a262c8.jpg,3,1189,105,1348,255,train
86217c4ba.jpg,4,706,153,827,246,train
86226216f.jpg,3,859,142,938,236,train
862bcc9c0.jpg,1,141,0,481,252,train
863868ed4.jpg,3,1192,5,1341,228,train
863b300cb.jpg,3,700,0,723,255,train
8645f73f1.jpg,3,893,0,1003,254,train
8648b2010.jpg,4,1184,82,1531,255,train
8651a4a06.jpg,3,595,0,685,255,train
865574894.jpg,3,1044,0,1105,255,train
865b35014.jpg,5,454,0,1052,255,val
865b83c3f.jpg,4,1069,60,1180,158,val
86654180d.jpg,5,1048,1,1470,253,val
86752d23a.jpg,3,136,1,259,252,train
86756300d.jpg,4,237,0,794,248,train
867572f1e.jpg,3,755,194,918,255,val
8677c19e6.jpg,3,108,103,320,212,train
867f080f0.jpg,5,670,0,971,254,train
868759698.jpg,5,3,0,1068,255,train
869055892.jpg,4,1160,22,1276,196,val
86a54a0e9.jpg,5,65,0,1208,255,val
86a9a4ab0.jpg,3,1244,1,1436,254,train
86aae8998.jpg,1,1321,69,1350,232,train
86abf2aef.jpg,3,954,81,988,255,train
86b7dbfe8.jpg,3,1423,0,1454,247,train
86c678c32.jpg,5,182,0,944,224,train
86cbb2d1f.jpg,1,6,0,1372,242,train
86d953299.jpg,5,441,1,1138,255,train
86ded721f.jpg,5,279,0,823,255,train
86ded721f.jpg,4,912,55,1419,255,train
86e80375f.jpg,1,99,0,811,255,val
86e81413a.jpg,3,658,14,1022,156,train
86eddd938.jpg,5,22,0,913,255,train
86f4141ce.jpg,5,0,0,1258,255,train
86ffabc49.jpg,4,363,194,417,251,val
8709ea899.jpg,3,874,0,1071,255,train
87106dfdb.jpg,3,6,196,63,234,train
8726206f5.jpg,5,392,2,1235,172,train
872b09085.jpg,3,940,7,987,200,train
873e04ca8.jpg,5,764,0,1096,255,train
873fbc272.jpg,6,886,22,1150,154,train
875612422.jpg,5,0,0,689,255,train
875d01c22.jpg,5,163,3,1262,255,train
875dd2561.jpg,5,1,0,1597,252,train
87754d760.jpg,3,1396,1,1471,255,train
87754d760.jpg,4,300,18,391,236,train
878824b35.jpg,3,924,2,945,255,train
87a5ac2f8.jpg,1,763,20,799,255,train
87ae117e9.jpg,3,1328,83,1429,193,train
87c733c21.jpg,6,342,0,572,138,train
87e057954.jpg,3,174,0,417,255,val
87e27ae0a.jpg,3,613,181,1106,255,train
87e990d66.jpg,3,1209,0,1276,255,train
87ebb9d4f.jpg,5,0,0,302,216,train
87edd91dc.jpg,5,901,1,1342,255,train
87f2a67af.jpg,5,152,0,1004,255,train
87f6e3eeb.jpg,6,133,32,466,255,train
87f74731f.jpg,5,853,0,1197,255,train
880f0b8cc.jpg,5,249,0,1599,255,train
8821b2e2c.jpg,5,33,164,1250,255,train
8827d2bd3.jpg,5,0,0,1599,255,train
88365b4b0.jpg,3,0,0,441,104,train
8847458a0.jpg,5,970,0,1233,255,train
88646d398.jpg,3,901,128,948,193,train
8866a93f6.jpg,4,502,0,1314,238,val
886eebf8c.jpg,5,379,0,1508,97,train
8872fe6db.jpg,5,117,0,1597,255,val
887e72cb4.jpg,3,1256,1,1277,216,train
8886a8a54.jpg,5,291,1,1392,255,train
889454305.jpg,3,1467,0,1571,255,train
8898932bd.jpg,3,73,118,89,255,train
8898932bd.jpg,4,1150,24,1334,255,train
889c66e18.jpg,4,8,5,1343,255,val
88df5f0d8.jpg,3,433,2,475,214,train
88e1122cb.jpg,1,1383,1,1420,255,train
88f00028d.jpg,3,1177,2,1192,255,val
89087f994.jpg,6,564,148,597,180,train
89158744a.jpg,5,236,0,1126,193,train
89158744a.jpg,4,1165,0,1599,211,train
891837278.jpg,5,600,0,1484,255,train
892321605.jpg,3,1188,0,1223,130,train
892582cf9.jpg,1,413,0,465,194,train
89332ba01.jpg,5,360,47,1155,255,train
8957f8d0e.jpg,3,1476,113,1523,149,train
895c92dd5.jpg,3,688,0,840,255,val
896d1ac05.jpg,1,864,2,908,96,train
896f524b3.jpg,3,473,1,657,255,val
896f852dd.jpg,5,517,20,1318,221,train
89737dc96.jpg,5,506,0,1408,255,train
8981c24c8.jpg,3,1384,0,1426,53,train
8991e4a44.jpg,3,664,0,685,229,train
89b4f62f1.jpg,5,672,38,1381,191,train
89d73890d.jpg,3,1485,61,1522,141,train
89dcbb574.jpg,3,182,11,322,255,train
89eec1aae.jpg,5,24,0,1053,255,train
89ef83ab7.jpg,5,178,0,1423,250,train
89ef83ab7.jpg,4,88,0,903,255,train
89f119c0a.jpg,1,532,0,1021,244,train
89f3cc3f1.jpg,5,0,0,1598,255,train
8a09333c4.jpg,3,827,145,858,239,train
8a17572d8.jpg,5,0,1,1413,255,train
8a2a8a476.jpg,3,1118,8,1165,198,train
8a35c59f9.jpg,1,181,0,764,255,train
8a375b486.jpg,5,0,0,1589,255,train
8a3c1e50c.jpg,4,1354,99,1597,250,train
8a3ce8312.jpg,1,115,31,1189,237,train
8a3de2473.jpg,5,301,0,1599,255,train
8a485f766.jpg,5,699,2,1400,254,train
8a642f9d3.jpg,6,101,75,1135,255,train
8a642f9d3.jpg,3,302,16,651,194,train
8a7121b61.jpg,5,14,0,1121,255,train
8a75d73d9.jpg,3,925,0,1067,255,train
8a7eddd78.jpg,3,933,54,952,255,train
8a7f75f86.jpg,5,922,0,1245,253,train
8a87b9578.jpg,1,205,0,428,214,train
8a87c8067.jpg,5,155,0,633,255,train
8a88f573c.jpg,5,112,0,1510,255,train
8a90952b4.jpg,5,907,0,1599,118,train
8a993359d.jpg,3,556,13,624,90,train
8aa3af3da.jpg,3,521,0,761,255,val
8aacab1a1.jpg,5,34,0,863,255,train
8aaebf6ec.jpg,3,121,27,160,232,train
8aaf23412.jpg,5,448,0,768,255,train
8aaf235ef.jpg,4,300,0,529,110,train
8ab72fe26.jpg,3,751,0,943,255,train
8abd1fbf5.jpg,3,154,144,188,211,train
8ac4ba80d.jpg,4,741,10,1595,250,train
8ac717af9.jpg,3,1385,54,1589,182,train
8ad6069fe.jpg,3,1245,119,1404,255,train
8ae110bc5.jpg,5,663,0,1370,255,train
8ae3d3ad2.jpg,3,356,154,429,188,train
8ae3d3ad2.jpg,4,111,0,1501,253,train
8afa2aa27.jpg,5,95,0,1202,255,train
8b0964301.jpg,3,1228,61,1379,254,train
8b31c67c8.jpg,5,230,0,996,255,train
8b4657500.jpg,3,273,88,290,255,train
8b495e389.jpg,3,1011,0,1101,255,val
8b4af5900.jpg,5,682,0,1356,255,train
8b4b4d618.jpg,3,1223,0,1398,253,train
8b4bb1228.jpg,4,104,2,1160,251,train
8b4e90080.jpg,5,0,0,1382,255,val
8b6c404ac.jpg,2,461,0,502,255,train
8b6cfcf35.jpg,3,1056,0,1145,255,train
8b9681587.jpg,5,75,115,926,255,train
8b9c035ec.jpg,2,716,0,730,255,train
8bab4626b.jpg,5,146,0,723,158,train
8baffdc70.jpg,3,1373,0,1413,255,train
8bb208f36.jpg,1,256,29,1233,232,train
8bb5ada5c.jpg,1,712,1,732,161,train
8bb64b5b3.jpg,5,31,0,1479,255,train
8bc5aeca3.jpg,3,812,3,1001,252,val
8bc5aeca3.jpg,4,483,1,1452,242,val
8bd35f020.jpg,3,1459,0,1470,255,train
8bdf6cee5.jpg,3,1242,151,1318,222,train
8be1d2178.jpg,5,787,0,1080,255,train
8beef62a7.jpg,3,116,0,289,255,train
8c1fe4329.jpg,6,1329,89,1369,190,train
8c2a5c8f7.jpg,3,955,0,977,255,val
8c2be5c87.jpg,3,112,3,365,255,val
8c3539cdd.jpg,6,130,7,487,255,train
8c504c51c.jpg,5,348,1,635,255,val
8c64a3681.jpg,5,862,0,1206,255,train
8c732ade1.jpg,5,416,0,1165,255,train
8c75dcd4a.jpg,1,718,158,745,219,train
8c81bbce4.jpg,3,1085,0,1153,255,val
8c85e9faa.jpg,5,373,0,1155,255,train
8c8914931.jpg,5,743,0,1164,252,train
8c8e79fa0.jpg,1,882,108,912,232,train
8c9286f4e.jpg,3,69,0,205,193,train
8c9286f4e.jpg,4,308,0,789,167,train
8cb91efdd.jpg,5,883,0,1193,254,train
8cb9d43f0.jpg,4,819,86,982,210,val
8cc1c837b.jpg,3,1301,0,1508,255,train
8cc65d1f7.jpg,2,848,0,862,170,train
8ccb9bbc9.jpg,1,468,69,1180,250,train
8cd6472c3.jpg,3,1207,3,1230,255,train
8cd9ca854.jpg,6,719,26,758,175,val
8ce8ed455.jpg,3,778,119,868,244,train
8ceba5ea5.jpg,5,926,1,1301,255,val
8cfdc1069.jpg,3,685,1,703,255,train
8d0addbbc.jpg,5,477,0,1117,255,train
8d0ec9630.jpg,4,169,0,1595,255,train
8d1cd3b88.jpg,1,2,0,1415,247,train
8d23e30d7.jpg,5,102,0,1356,255,train
8d25eb2c7.jpg,3,542,67,705,128,train
8d26ca58c.jpg,3,553,0,616,255,train
8d2e8b456.jpg,5,558,3,1203,250,val
8d2e8b456.jpg,4,289,97,1096,204,val
8d36899b1.jpg,5,447,0,1514,255,train
8d4206f2a.jpg,3,1107,164,1132,255,train
8d4e680c6.jpg,3,333,0,404,54,train
8d52d3c30.jpg,5,448,42,1347,255,train
8d5dde91c.jpg,1,733,149,762,255,train
8d5f90317.jpg,3,1237,0,1483,255,train
8d5fd264c.jpg,3,164,159,357,246,train
8d67593de.jpg,3,1069,3,1092,255,train
8d74ea350.jpg,5,176,0,1472,255,train
8d83b39c0.jpg,3,547,27,598,255,train
8d84eea51.jpg,3,1186,74,1337,254,train
8d909a69d.jpg,5,0,13,1225,189,train
8d938b3e7.jpg,5,578,0,1326,255,val
8d9b43515.jpg,4,780,144,1100,253,train
8d9b704ff.jpg,5,353,0,1149,254,train
8da886dcf.jpg,6,154,83,502,234,train
8dbca8b82.jpg,5,62,0,441,254,train
8dbe6a9d8.jpg,3,571,117,663,255,val
8dc0f0966.jpg,3,0,0,202,255,train
8dce4f71f.jpg,5,1144,0,1473,255,train
8ddf889d8.jpg,3,1432,203,1448,253,train
8de366fb3.jpg,3,111,3,150,255,val
8de7a3873.jpg,4,193,2,727,244,train
8df12e874.jpg,3,298,9,396,219,train
8df207326.jpg,3,1147,0,1235,48,train
8dfcc174b.jpg,3,607,0,685,193,train
8dfe396ef.jpg,3,419,72,673,134,train
8e01fb963.jpg,5,72,0,1598,255,train
8e08d9cd6.jpg,1,146,0,1497,255,train
8e11e6dff.jpg,5,5,134,1446,255,train
8e1fb6f5a.jpg,5,522,1,1103,255,train
8e25d0757.jpg,5,412,1,948,245,train
8e2d247c4.jpg,3,1127,0,1371,234,train
8e340f137.jpg,6,559,61,591,96,train
8e431ebe0.jpg,3,614,0,651,255,train
8e49af649.jpg,5,540,0,1537,254,val
8e53eee1d.jpg,1,157,0,265,108,train
8e5a5ca0f.jpg,5,451,0,1259,255,train
8e5f4851e.jpg,5,152,36,895,255,train
8e6f1eb4f.jpg,3,679,115,804,202,train
8e7477968.jpg,5,340,0,1168,255,train
8e8404fe0.jpg,5,0,67,1599,255,train
8e85eb81f.jpg,4,559,94,613,141,train
8e9103c91.jpg,3,1383,129,1599,234,val
8e933231b.jpg,1,740,9,787,65,train
8ea10e67e.jpg,5,1,0,820,90,train
8ea10e67e.jpg,4,111,0,1593,255,train
8eb422b05.jpg,1,151,3,1226,122,train
8eb427a2d.jpg,5,2,0,451,255,train
8ebc9cadc.jpg,3,659,57,1106,138,val
8ebd4074a.jpg,3,1207,0,1237,143,train
8ec0d428d.jpg,3,1230,2,1393,230,train
8ec6ccc3c.jpg,3,1119,0,1177,224,train
8ed31effd.jpg,1,307,55,463,255,train
8ed3c433b.jpg,3,428,0,659,255,train
8ed6b8054.jpg,2,99,40,111,255,train
8ed87432c.jpg,5,133,0,1276,255,train
8edd818de.jpg,5,895,0,1271,255,val
8eddcadff.jpg,5,825,0,1445,208,val
8eddcadff.jpg,4,275,24,1329,255,val
8ee659e65.jpg,4,0,0,1086,253,val
8ee7a7a6a.jpg,3,944,0,1019,255,train
8ef6dc341.jpg,5,900,35,1594,250,train
8f0795458.jpg,5,0,124,1224,255,train
8f0a7e8af.jpg,1,146,0,1483,255,train
8f0a7e8af.jpg,3,779,33,955,100,train
8f0dcad21.jpg,3,393,0,442,167,train
8f0e1809d.jpg,6,1388,34,1412,198,train
8f3044c4f.jpg,3,957,0,1138,255,train
8f31ce4d8.jpg,5,727,0,1275,255,train
8f38c1314.jpg,4,372,0,953,255,val
8f42319aa.jpg,3,221,0,246,191,train
8f4a566fb.jpg,6,1398,49,1419,97,train
8f567296c.jpg,3,1198,75,1359,250,val
8f5e37d0a.jpg,5,118,0,1056,255,train
8f64891a6.jpg,4,1235,25,1360,176,train
8f6b07e84.jpg,5,430,0,1136,255,train
8f7032bd2.jpg,5,674,0,1393,255,train
8f7426e6d.jpg,5,698,0,1301,253,train
8f76dd4ec.jpg,5,480,0,1121,255,train
8f7a6532b.jpg,6,711,214,748,255,train
8f8104c9c.jpg,4,769,68,1106,255,val
8f81e6d35.jpg,2,997,15,1015,255,train
8f81e6d35.jpg,3,32,162,72,250,train
8f82d86db.jpg,1,89,0,493,233,train
8f82d86db.jpg,3,366,0,452,45,train
8f85d6fd4.jpg,6,547,114,593,188,train
8f8a23f39.jpg,1,14,46,1465,254,val
8f9b92f31.jpg,5,1,0,1160,255,val
8f9ef2cb7.jpg,3,1105,4,1260,253,train
8faba402b.jpg,3,729,0,752,191,train
8fb4575f3.jpg,5,551,94,1433,255,train
8fbc61bda.jpg,1,107,28,1394,255,train
8fbd70ddf.jpg,3,645,190,852,255,train
8fc48f131.jpg,3,209,149,273,214,train
8fc4cc556.jpg,3,1035,0,1128,255,train
8fd88a0c1.jpg,6,330,39,1292,255,train
8fddb859f.jpg,5,19,0,1564,85,train
8fe172794.jpg,4,1273,0,1484,255,train
8fef72c9f.jpg,5,198,0,845,244,train
8ff35e571.jpg,3,1036,0,1133,255,val
9019c0e1e.jpg,5,0,52,1386,255,train
90246e919.jpg,4,287,3,664,253,train
9027291e8.jpg,3,1212,4,1239,255,train
9028ff68e.jpg,3,1285,130,1598,255,val
902ba9941.jpg,5,219,1,1072,255,train
904584541.jpg,4,0,0,920,222,val
904677cea.jpg,3,0,15,115,255,val
904677cea.jpg,4,1014,0,1424,218,val
905328741.jpg,5,72,18,949,229,train
905404a9e.jpg,5,462,0,988,243,train
905964016.jpg,5,1,0,1125,255,train
9078fb095.jpg,5,5,0,1583,255,train
9085aef37.jpg,2,434,0,476,239,train
9087518f1.jpg,4,219,86,1599,249,val
90b461f2a.jpg,3,0,178,71,255,val
90b51d4f7.jpg,5,0,0,1597,255,train
90b5b429a.jpg,1,400,0,685,236,train
90cd42d5b.jpg,5,1148,0,1580,255,train
90daee822.jpg,5,460,0,1169,255,train
90f4dd6e5.jpg,2,463,16,488,255,val
90fbefd8c.jpg,3,228,115,278,143,train
910127691.jpg,5,798,0,1146,255,train
910540b7d.jpg,5,640,1,1420,255,val
910ad3edf.jpg,4,1014,50,1462,254,train
911d78b0a.jpg,3,438,55,1158,123,train
9121da7fe.jpg,3,1184,113,1332,254,train
91222b4c9.jpg,5,0,1,1145,255,train
913e2221d.jpg,1,1406,146,1428,255,train
9147356db.jpg,1,915,8,941,255,val
91478a2fb.jpg,5,1,163,973,232,val
914b6941d.jpg,5,673,0,1480,254,train
9150a0950.jpg,5,302,0,1513,255,train
91583d282.jpg,3,1087,2,1271,255,train
915b0078c.jpg,3,262,0,404,255,train
9163ec76b.jpg,3,208,1,283,255,train
91649dea7.jpg,5,1009,1,1409,255,train
91696aaca.jpg,1,908,0,944,253,val
91696aaca.jpg,5,428,0,1200,255,val
9169b4f3a.jpg,3,210,205,238,233,val
9170e3614.jpg,5,388,0,937,255,train
917607322.jpg,5,252,0,960,254,train
917cdbff6.jpg,4,198,104,1266,254,train
918c32419.jpg,5,739,0,1028,255,val
91a713a73.jpg,5,43,0,647,255,val
91b250f41.jpg,1,1366,10,1411,255,train
91b768bcb.jpg,5,587,0,1376,255,train
91e4352d4.jpg,5,67,0,1480,214,val
91e9eaf93.jpg,1,612,18,649,210,train
91f059953.jpg,3,382,0,431,226,train
91fc61e33.jpg,3,1133,0,1208,255,val
9202ebeb6.jpg,6,433,86,513,194,val
92057aa8a.jpg,5,924,0,1324,249,train
922939d64.jpg,5,525,0,834,255,train
9236b3124.jpg,4,1009,51,1324,253,train
9236f984c.jpg,1,907,0,969,255,train
9252073f0.jpg,3,1064,0,1179,255,train
9253b216e.jpg,5,9,0,342,255,train
925f6be0d.jpg,5,413,0,1254,255,val
9270f72ac.jpg,5,503,1,1308,255,val
927100ebb.jpg,5,251,0,1215,255,train
9271c7e3d.jpg,2,1488,29,1513,229,train
9278ab6ba.jpg,5,51,11,837,255,train
927be944d.jpg,1,103,0,572,255,train
92932546c.jpg,3,207,0,360,255,val
92932546c.jpg,4,891,0,1068,255,val
9296c86e5.jpg,3,0,0,243,255,val
92ca72504.jpg,5,58,0,1342,255,val
92ded43da.jpg,5,387,0,1385,254,train
92e4102b4.jpg,5,385,3,1438,255,train
92e699da4.jpg,5,299,4,1408,244,train
92e699da4.jpg,4,186,5,983,251,train
92ebbbaea.jpg,5,28,0,1380,255,train
92f49dcb1.jpg,3,1139,1,1154,255,train
92fb94f69.jpg,5,327,0,683,205,val
930391b64.jpg,5,156,0,1173,255,val
9307b3de8.jpg,5,0,109,1016,250,train
930fe8fc7.jpg,5,366,0,654,255,train
93126606c.jpg,4,342,59,996,217,train
931c4b9aa.jpg,5,440,0,947,255,val
9323bd21d.jpg,5,222,43,1019,240,train
933533867.jpg,3,1127,1,1313,247,val
933675d91.jpg,2,866,0,890,255,train
933a9dc8b.jpg,1,703,63,739,184,val
933e1967c.jpg,5,373,23,1241,255,train
9341d848d.jpg,5,884,1,1195,255,val
9345f1250.jpg,3,642,1,661,255,train
9347e65bb.jpg,5,675,0,1065,255,train
935654dc9.jpg,1,1445,1,1464,255,val
936e1759a.jpg,3,802,0,854,165,train
93775b19c.jpg,5,85,1,882,169,train
9378a6f12.jpg,3,1079,59,1394,184,train
9384459df.jpg,1,1142,63,1311,238,train
93851869f.jpg,5,70,1,1237,255,train
938a15be6.jpg,6,1394,123,1436,196,train
938a15be6.jpg,3,1387,0,1438,146,train
93a9c65bf.jpg,5,50,0,417,255,train
93b0d8e2f.jpg,6,86,26,1483,207,train
93b2882fd.jpg,3,1019,0,1092,255,train
93b7b01f1.jpg,3,1358,17,1386,210,train
93e2b398b.jpg,1,117,0,207,255,train
93f27e439.jpg,5,69,0,1597,255,val
93f37037d.jpg,3,1145,4,1384,252,val
93febc91d.jpg,3,661,84,722,174,train
94050efd8.jpg,5,50,45,1314,118,train
9406cb49a.jpg,3,674,100,913,201,train
940e8cd2f.jpg,5,1027,24,1528,255,train
940e8cd2f.jpg,4,491,62,1599,255,train
9412c0cf6.jpg,5,945,0,1581,255,train
941e9a9d6.jpg,6,455,1,1382,250,train
9424f9664.jpg,5,299,0,1321,255,train
9426ce32a.jpg,3,728,3,775,255,train
94305429d.jpg,3,552,0,681,177,train
9438d5eef.jpg,5,3,14,1598,255,train
943c5abcd.jpg,5,874,0,1199,255,train
944ef524a.jpg,5,235,0,1004,255,train
946227d6c.jpg,5,116,0,1326,255,train
94625a99c.jpg,1,72,28,518,225,train
946525536.jpg,2,434,0,465,238,train
94753d945.jpg,3,471,0,621,254,train
94882163b.jpg,5,426,1,990,255,val
948f9558f.jpg,5,459,0,1031,255,train
94947e1f9.jpg,4,225,43,761,255,train
9496c7b73.jpg,3,20,124,482,255,val
949a23e72.jpg,5,134,0,483,255,train
949a23e72.jpg,4,1000,2,1229,255,train
94a97adc8.jpg,5,471,0,737,255,val
94aad1346.jpg,5,0,171,1306,255,train
94b398cb1.jpg,3,0,134,312,227,train
94bf15000.jpg,4,6,0,1041,255,train
94c4ca4c1.jpg,3,485,20,732,255,train
94c746443.jpg,3,1412,61,1464,253,train
94c910b08.jpg,5,464,0,1397,100,val
94caf2212.jpg,5,0,0,1047,255,train
94da85f76.jpg,1,281,0,673,190,train
94e721678.jpg,6,114,0,645,238,train
94f2c7910.jpg,5,29,0,1599,255,train
9515afade.jpg,4,226,0,639,118,train
9531c4b99.jpg,3,590,130,751,199,train
9546b5abe.jpg,3,686,149,791,255,train
954d4296b.jpg,1,630,0,677,93,train
9553974f4.jpg,5,329,0,1410,255,train
9557969ee.jpg,5,563,0,1574,255,train
955b5bbf3.jpg,3,236,120,288,214,train
955feead2.jpg,5,470,1,1486,255,train
9570a27f4.jpg,3,1125,0,1144,223,train
9574104d6.jpg,5,544,28,903,222,train
9586cb6e3.jpg,1,1,0,1343,255,train
9589d49ee.jpg,3,987,1,1047,255,train
959218299.jpg,1,603,54,686,255,train
95a8e91c4.jpg,3,811,13,875,144,train
95aff808c.jpg,3,869,208,1000,253,train
95b95a425.jpg,5,0,2,1529,255,train
95d88196d.jpg,6,1395,158,1444,251,val
95df642ba.jpg,5,0,99,495,255,val
95eaae02e.jpg,5,482,0,1177,255,train
9612cf3ee.jpg,3,1216,1,1231,255,train
9612e2ee3.jpg,5,461,0,1148,255,train
961333d4e.jpg,3,647,149,1112,255,train
961c828de.jpg,5,168,6,1598,255,train
961e93bde.jpg,5,646,0,1075,255,train
9622959c1.jpg,3,1218,0,1266,255,train
96279bbc2.jpg,5,65,0,526,175,train
96299c17c.jpg,5,119,3,1486,255,val
963b7a441.jpg,1,73,5,460,205,train
963b7a441.jpg,5,630,24,1302,239,train
963e616e0.jpg,5,503,1,1545,255,train
963f946a9.jpg,5,506,23,999,205,train
9661e7677.jpg,5,0,58,1403,162,val
9663d6a79.jpg,3,1202,0,1364,211,train
967802d76.jpg,3,1036,52,1057,171,val
968701cce.jpg,3,643,1,658,255,val
9699f82fe.jpg,4,16,0,199,255,train
96ad2b246.jpg,5,10,0,1314,255,train
96be77390.jpg,5,151,0,1185,255,train
96c8dd5a2.jpg,5,839,0,1179,255,train
96ef8f053.jpg,4,903,3,1372,231,train
97047587f.jpg,4,1431,122,1599,203,val
97192a78b.jpg,3,943,0,1021,255,val
9725a81d1.jpg,5,661,0,1392,252,train
9737361a7.jpg,4,207,151,340,249,train
97419c683.jpg,5,628,21,1519,250,train
9741c9475.jpg,4,9,0,625,255,train
974750ad1.jpg,5,217,0,1416,255,train
974b07e79.jpg,5,886,2,1188,255,train
974f00b13.jpg,5,153,44,1520,137,train
9753787e9.jpg,3,224,1,458,139,train
9753787e9.jpg,4,522,17,978,183,train
975b2e5fa.jpg,5,314,44,1345,191,train
975e50a09.jpg,3,1009,0,1206,255,train
975f12b62.jpg,3,726,0,753,164,train
976a6c529.jpg,3,1016,1,1024,255,train
976b8a242.jpg,5,695,0,1019,255,train
9772f9a2c.jpg,3,1269,127,1303,255,train
977eee415.jpg,5,165,1,898,255,train
97892278c.jpg,5,185,0,803,255,val
9789423c2.jpg,3,1,80,36,164,train
97a67b410.jpg,3,0,100,55,121,val
97a67b410.jpg,4,131,0,776,128,val
97a6a8f0b.jpg,3,1296,2,1334,204,train
97a933eaa.jpg,5,506,64,1406,255,train
97b77f9e6.jpg,3,34,0,239,255,val
97bbf0668.jpg,5,425,0,900,135,train
97bf2a97c.jpg,1,61,16,1214,184,val
97ca3e697.jpg,3,71,1,306,255,train
97dbd1162.jpg,3,1187,78,1333,254,train
97e10407d.jpg,3,1150,8,1232,251,train
97e7fd732.jpg,5,452,3,1551,252,train
97eb88e35.jpg,5,353,0,1558,254,train
98017b765.jpg,5,203,0,1522,255,train
9804396ef.jpg,3,1135,2,1376,209,train
9805e5d5d.jpg,5,561,74,1113,255,train
981f9c663.jpg,5,714,0,1344,255,train
982193e49.jpg,3,1056,0,1251,144,train
982193e49.jpg,4,77,0,385,78,train
9822aabfc.jpg,3,77,0,167,254,train
982c2e937.jpg,3,682,65,747,125,val
9844183a4.jpg,6,780,69,811,141,train
9846785ee.jpg,3,891,153,1197,255,train
984c6e129.jpg,5,606,0,1539,255,train
9883f9819.jpg,5,190,0,1230,255,train
988afc273.jpg,3,831,160,873,212,train
988cf521f.jpg,6,99,38,1215,255,val
98937deb7.jpg,2,853,48,892,255,train
98937deb7.jpg,3,17,79,50,170,train
9899c9114.jpg,5,0,2,1559,255,train
98a013baf.jpg,3,1063,178,1092,255,train
98a013baf.jpg,4,437,19,1597,255,train
98bb49ca7.jpg,5,217,0,983,255,train
98bb73faf.jpg,6,489,0,764,255,train
98c0127d3.jpg,3,637,0,718,255,train
98c634937.jpg,3,1019,0,1217,255,train
98d2c50b7.jpg,5,0,153,1598,234,train
98e2146e9.jpg,3,374,0,517,255,train
98ed0f752.jpg,5,0,0,1368,254,train
98f108423.jpg,5,1,0,813,255,train
98f2b3f79.jpg,5,75,0,1290,255,val
990195c76.jpg,3,757,2,871,255,train
990431713.jpg,3,1166,40,1324,244,val
9906c980e.jpg,5,193,1,1463,254,train
990d967ad.jpg,3,463,0,489,204,train
991e0dfdf.jpg,5,164,1,1599,255,train
99224c3d5.jpg,4,1060,0,1599,217,train
9941cb9f1.jpg,5,1144,0,1561,255,train
994aa6f1d.jpg,5,463,1,1033,255,train
9958480e2.jpg,3,386,5,474,255,val
995ef2622.jpg,3,1107,66,1134,123,train
9962acd22.jpg,5,506,110,1443,236,train
99743b154.jpg,3,1212,0,1271,254,train
99855ae32.jpg,3,679,3,702,227,train
99923d074.jpg,3,1164,3,1366,255,train
999497bb8.jpg,5,91,21,783,255,train
99984eccf.jpg,6,725,20,745,73,val
99a9163bc.jpg,3,1087,14,1292,255,val
99b7bd247.jpg,1,724,167,758,255,train
99bc6c5c2.jpg,3,15,66,306,254,train
99d359803.jpg,3,251,139,278,255,train
99d359803.jpg,4,720,72,1018,224,train
99d47e124.jpg,5,186,0,1013,255,train
99dcc6d72.jpg,3,113,78,630,152,train
9a064450d.jpg,5,114,2,1457,255,train
9a18e4457.jpg,5,247,0,1002,255,val
9a1f7c238.jpg,5,1,0,1298,255,train
9a3e774ff.jpg,3,1054,0,1232,255,train
9a5e9e77c.jpg,5,312,0,1595,255,val
9a70057c0.jpg,5,0,13,1598,255,val
9a75974ba.jpg,6,83,91,206,230,train
9a7b2f3af.jpg,3,885,0,934,255,train
9a83c23d1.jpg,3,621,0,799,254,train
9a8c769b4.jpg,5,610,0,1537,255,train
9aa301f3e.jpg,3,1473,18,1490,160,train
9aa437d47.jpg,1,1363,119,1427,171,train
9aa721852.jpg,5,236,0,1574,253,train
9aa721852.jpg,4,633,94,773,236,train
9ab372c8c.jpg,1,151,59,380,247,train
9ab57a2fa.jpg,5,110,1,1102,255,train
9aca6db08.jpg,4,2,51,534,222,train
9ad1ad629.jpg,5,175,0,874,255,train
9ad36a571.jpg,3,679,122,723,255,train
9ad4e14ae.jpg,5,38,0,290,255,train
9ae440fd0.jpg,5,39,0,1583,255,train
9af9dc45b.jpg,5,68,0,1166,255,train
9b09b2a38.jpg,2,919,1,949,255,train
9b1abd245.jpg,5,163,0,533,210,train
9b1abd245.jpg,4,673,26,1482,255,train
9b2801e98.jpg,3,1163,92,1326,255,train
9b3d6aa5f.jpg,3,723,130,751,255,train
9b40d78e0.jpg,3,57,60,191,216,train
9b57cbc21.jpg,2,902,153,917,255,train
9b62dc81c.jpg,6,241,0,1399,209,train
9b63ed48c.jpg,1,165,0,1407,165,train
9b668835f.jpg,5,291,0,1599,66,val
9b72243dc.jpg,3,812,0,843,107,train
9b7974523.jpg,3,208,43,404,255,train
9ba68fdaa.jpg,5,451,0,1210,229,train
9bba9fd75.jpg,3,1213,1,1374,255,val
9bc62ca61.jpg,5,359,1,1545,255,train
9bd5122c0.jpg,5,441,0,1476,255,train
9be9c98eb.jpg,2,526,6,551,255,train
9beece43e.jpg,1,135,23,1296,241,val
9bf40dacc.jpg,3,726,0,748,255,train
9bf863558.jpg,6,512,110,556,156,train
9bf97c980.jpg,3,126,3,863,87,train
9bfcca020.jpg,5,88,0,501,255,val
9c005a770.jpg,5,453,29,1359,238,train
9c024e0ba.jpg,5,267,0,1029,255,val
9c14e3f70.jpg,5,669,0,1398,255,train
9c19a106d.jpg,3,1487,215,1548,255,train
9c1b65eb2.jpg,3,1305,153,1332,229,train
9c1c0d47b.jpg,3,1443,0,1470,139,train
9c1c7f69c.jpg,5,184,0,1116,255,train
9c27c1365.jpg,6,81,17,543,238,train
9c2dc4bfc.jpg,4,1076,0,1495,244,val
9c33cdef5.jpg,3,774,0,857,124,train
9c41af5a0.jpg,5,0,24,1598,255,train
9c42e727c.jpg,4,240,2,1102,253,train
9c4c38dab.jpg,5,694,0,1599,179,train
9c4e61003.jpg,1,673,29,743,187,train
9c4ed4726.jpg,1,708,94,738,255,train
9c522d453.jpg,3,693,0,853,255,val
9c7a6cf21.jpg,5,0,0,969,255,train
9c7d10c89.jpg,5,303,0,1138,255,val
9c850bf6c.jpg,3,1204,56,1353,251,train
9c936d05f.jpg,5,960,0,1362,255,train
9c9ea5f57.jpg,5,556,58,1507,255,train
9ca4a3d92.jpg,5,184,0,1281,255,train
9cccdc9c0.jpg,3,355,57,642,255,train
9cd1d622e.jpg,6,154,46,316,219,val
9cd1d622e.jpg,3,223,214,296,254,val
9ce68c10a.jpg,1,338,73,621,255,train
9ce68c10a.jpg,3,218,0,502,73,train
9cee4ab2e.jpg,6,724,216,751,255,val
9cfa7be25.jpg,3,1046,1,1201,255,train
9cfa9539e.jpg,3,1101,0,1115,191,val
9d0b3a0f7.jpg,5,504,0,1411,255,train
9d1e2defb.jpg,3,1037,0,1209,255,train
9d22ddbf2.jpg,5,523,0,908,255,train
9d2a467b0.jpg,4,89,141,744,255,train
9d34d1ed3.jpg,3,1057,22,1146,255,train
9d3b4a019.jpg,4,1043,83,1508,252,train
9d3f69524.jpg,3,164,0,233,255,train
9d415d2b1.jpg,5,332,23,1449,231,train
9d4b9f63c.jpg,4,351,57,1182,255,train
9d57d9095.jpg,6,153,0,195,83,train
9d57d9095.jpg,5,159,0,1121,255,train
9d64b3372.jpg,3,375,0,461,255,train
9d685a825.jpg,5,917,3,1232,255,train
9d73bc0ef.jpg,5,1088,0,1598,251,train
9d77811eb.jpg,3,546,1,650,255,train
9d7ed0880.jpg,5,285,19,1494,134,val
9d8369659.jpg,3,1,52,296,255,train
9d9020e1d.jpg,5,41,149,803,248,train
9db16f031.jpg,1,729,6,764,47,val
9db1d6f4c.jpg,5,32,0,295,255,train
9db392648.jpg,3,460,0,555,255,val
9db7cdc58.jpg,5,1,0,1576,255,val
9dbb7b85c.jpg,3,726,0,765,254,train
9dc65bc1e.jpg,2,54,0,82,220,train
9ddbb8f42.jpg,3,1308,0,1353,255,train
9ddc8a514.jpg,5,344,0,1265,255,train
9dfb319cc.jpg,5,199,66,988,245,train
9e009a678.jpg,3,973,0,994,255,train
9e130c0b6.jpg,5,118,0,1175,255,train
9e1406b36.jpg,3,1089,50,1139,108,train
9e1d4b339.jpg,4,915,124,1446,249,train
9e1f9aaaf.jpg,5,0,52,1336,228,train
9e2325f2a.jpg,3,1064,0,1115,251,train
9e2d7ad80.jpg,5,463,1,1166,255,train
9e37ef709.jpg,3,754,1,854,255,train
9e39834da.jpg,5,484,0,1599,255,train
9e4147d6b.jpg,3,549,0,649,255,val
9e450923e.jpg,4,8,0,890,243,train
9e467cb05.jpg,5,2,147,1597,205,train
9ea3ea37b.jpg,3,747,4,762,150,train
9ea9ca4c8.jpg,3,1158,0,1385,255,train
9eaaf83d7.jpg,3,808,33,954,71,train
9eace863c.jpg,3,622,121,657,169,val
9ead58088.jpg,5,0,57,1599,255,train
9eb76f829.jpg,2,524,0,556,255,val
9ebb54e56.jpg,5,18,1,923,255,val
9ec897b68.jpg,5,2,0,640,255,train
9ecb2f113.jpg,5,439,52,1392,245,train
9ed47c324.jpg,3,668,0,690,255,val
9ed6f9c81.jpg,3,462,164,1419,228,train
9edc849c6.jpg,5,663,0,1112,255,train
9eeadb0f5.jpg,3,646,26,665,255,train
9eed09712.jpg,1,1294,47,1342,87,train
9eed09712.jpg,3,782,40,805,105,train
9eed4fc7c.jpg,3,670,1,689,254,val
9ef683a79.jpg,5,353,52,1451,255,train
9efbc9bb6.jpg,5,547,77,1381,255,train
9efbf2ac6.jpg,3,1193,0,1227,249,train
9efc6682e.jpg,3,1497,8,1508,181,train
9f054c54f.jpg,6,746,28,765,157,train
9f101a24e.jpg,3,1101,156,1599,232,train
9f15729ba.jpg,5,360,0,1487,234,train
9f179959b.jpg,3,1098,126,1152,255,val
9f1a90c97.jpg,5,2,106,836,255,train
9f2871e90.jpg,3,1026,0,1079,255,train
9f2b5e50a.jpg,5,504,0,1425,255,train
9f2f9704e.jpg,1,401,0,678,255,val
9f2f9704e.jpg,5,0,0,1095,188,val
9f34c4775.jpg,5,95,0,1143,220,train
9f43931af.jpg,3,0,179,122,224,val
9f6016bcc.jpg,5,299,0,1252,255,train
9f7063103.jpg,5,1325,0,1582,255,train
9fab4894b.jpg,3,967,144,1479,195,train
9fac588ab.jpg,5,266,2,770,255,train
9fc472430.jpg,3,5,170,48,255,train
9fce63e11.jpg,3,673,105,841,165,train
9fda4f231.jpg,5,123,1,888,255,train
9fea4f2ab.jpg,5,322,0,736,255,train
9fed72af4.jpg,3,890,2,921,255,train
9ff2aa5c5.jpg,5,365,0,1304,255,train
a0058b3fe.jpg,3,1265,59,1341,253,train
a0155346d.jpg,3,803,162,843,226,val
a01bc9da8.jpg,3,704,0,843,254,train
a01c8ce20.jpg,3,1201,0,1396,204,train
a0256a733.jpg,3,542,0,816,135,train
a025c6ed2.jpg,3,135,67,622,189,train
a02fe46b6.jpg,5,398,1,1544,255,val
a045e21e6.jpg,5,961,0,1230,255,train
a053e52ca.jpg,3,204,0,282,255,train
a056c104a.jpg,3,614,0,774,255,train
a05708135.jpg,3,450,1,620,255,train
a0709a1e6.jpg,3,192,173,252,255,train
a083a8cbc.jpg,1,423,69,495,254,train
a08573f08.jpg,5,74,105,1394,255,val
a08e02e56.jpg,5,0,0,1596,255,train
a0906d0b3.jpg,4,835,3,1112,129,train
a09a889b2.jpg,3,1131,2,1319,255,train
a09e5bfb0.jpg,4,0,0,677,255,val
a0a34a07c.jpg,5,500,0,1388,255,train
a0a58dd59.jpg,4,259,1,1552,161,val
a0ae0cbcf.jpg,1,62,61,382,241,train
a0ae0cbcf.jpg,3,601,0,669,255,train
a0c4d93c1.jpg,3,1244,127,1279,154,train
a0c4d93c1.jpg,4,1051,24,1235,227,train
a0c650375.jpg,3,947,0,1111,255,val
a0c6fd992.jpg,5,101,13,397,255,train
a0ce98154.jpg,6,82,0,684,168,train
a0ce98154.jpg,3,119,174,179,250,train
a0d19387f.jpg,1,1372,117,1402,164,train
a0de93374.jpg,1,490,0,1392,255,train
a0e01eb84.jpg,3,1047,0,1159,255,train
a0ee1d0ac.jpg,3,773,0,820,253,train
a0ee7a955.jpg,3,1069,0,1143,239,train
a0fcb1803.jpg,3,1317,46,1367,255,val
a10a35f4f.jpg,3,1041,0,1262,255,train
a10c18895.jpg,3,319,20,412,255,train
a10fb7849.jpg,1,58,73,278,254,train
a115aabc4.jpg,2,971,0,985,160,train
a115aabc4.jpg,3,44,103,88,243,train
a129732b2.jpg,3,650,0,678,255,val
a13437817.jpg,5,1,131,1516,255,train
a135808ff.jpg,3,1192,120,1344,254,train
a13c52c08.jpg,1,1471,128,1493,226,val
a14e96726.jpg,5,258,1,888,255,train
a14eeb75d.jpg,5,6,0,743,255,train
a152690b6.jpg,1,39,46,429,254,train
a152690b6.jpg,3,1345,0,1364,255,train
a154fdcfd.jpg,4,249,0,1599,183,val
a15500c55.jpg,4,596,17,1436,255,train
a16672b15.jpg,1,701,1,733,54,train
a17a84d8f.jpg,5,630,1,1068,255,train
a187d1897.jpg,5,299,0,1070,255,train
a189ded53.jpg,6,764,6,788,229,train
a18bdb241.jpg,3,1184,1,1343,233,train
a1982cad5.jpg,3,681,0,852,49,train
a1b3fa11b.jpg,1,542,22,1261,220,train
a1bede9b1.jpg,3,18,23,78,88,train
a1c385029.jpg,3,1276,0,1379,255,train
a1d0b7617.jpg,5,191,0,764,255,train
a1d5d669f.jpg,5,115,0,1379,197,val
a1dba4777.jpg,5,869,0,1329,255,train
a1f41023e.jpg,5,0,0,1595,255,train
a1f5481df.jpg,5,515,0,1043,255,train
a2098618c.jpg,3,177,83,261,141,train
a21bfa25a.jpg,5,1179,83,1599,254,train
a21d00db9.jpg,5,707,0,1503,255,val
a21fa9b86.jpg,5,229,0,1509,255,train
a223350f7.jpg,4,274,3,1255,255,train
a22639daa.jpg,1,213,45,342,220,train
a231b46ec.jpg,5,538,0,1428,255,train
a2337ccb3.jpg,4,223,0,1095,255,train
a239718e1.jpg,3,1258,159,1529,249,train
a2444ac38.jpg,3,1135,0,1189,205,val
a27bd6af7.jpg,3,735,0,774,254,train
a2889c2fa.jpg,1,1451,148,1466,184,train
a2889c2fa.jpg,2,1468,2,1527,255,train
a28a7b7be.jpg,1,132,33,1486,202,train
a28a7b7be.jpg,3,1282,3,1344,123,train
a29c6239f.jpg,3,470,1,612,204,val
a29c6239f.jpg,4,881,0,1033,245,val
a2b2c9e3e.jpg,5,929,1,1475,255,val
a2bdcd021.jpg,1,463,53,869,204,train
a2c0731d2.jpg,3,693,0,711,254,train
a2cb5be8f.jpg,3,635,214,777,255,train
a2d475315.jpg,3,781,0,801,255,train
a2e083f69.jpg,5,0,0,1481,179,val
a2e328f50.jpg,3,1431,69,1444,252,train
a2e96800f.jpg,4,854,167,948,255,train
a30fa9eb5.jpg,3,944,0,1029,255,train
a30fe9da2.jpg,5,600,0,1187,255,train
a3148f47c.jpg,2,493,50,541,255,train
a316898ca.jpg,1,742,28,813,206,train
a31bad68b.jpg,5,651,0,1438,255,val
a3217ee57.jpg,3,1056,0,1120,209,train
a32f079ad.jpg,5,0,110,1545,255,train
a335fc5cc.jpg,1,1482,69,1503,255,train
a33b2c662.jpg,3,1038,1,1058,255,train
a33b2c662.jpg,4,62,0,472,211,train
a33d86440.jpg,1,142,5,526,168,train
a33ec265a.jpg,5,585,0,1528,255,train
a345caa40.jpg,2,862,0,888,133,val
a35e7e370.jpg,5,211,0,1478,223,val
a369c5c1f.jpg,5,71,0,889,250,val
a3714aefc.jpg,3,530,0,594,255,train
a37447f04.jpg,5,84,0,1134,255,train
a37447f04.jpg,4,1305,1,1495,202,train
a39b0ef7e.jpg,3,82,118,103,192,train
a3a66a86a.jpg,3,1184,38,1371,255,train
a3c3733cd.jpg,5,0,0,1599,255,val
a3c477831.jpg,4,687,47,991,255,train
a3d5e7319.jpg,3,1171,152,1317,255,train
a3e2c4510.jpg,5,295,41,779,207,train
a3eac30dc.jpg,3,1142,1,1334,255,train
a41ba727f.jpg,2,867,3,881,189,val
a41e950ce.jpg,6,1449,17,1477,78,train
a41f575ff.jpg,3,209,0,288,255,train
a42dee222.jpg,4,44,0,359,198,train
a430d56ba.jpg,3,779,46,885,255,val
a4334d7da.jpg,3,827,2,877,252,train
a4334d7da.jpg,4,46,0,1543,255,train
a434d334f.jpg,5,442,2,1005,255,train
a44dd8116.jpg,2,1494,1,1527,242,train
a470f2761.jpg,1,530,126,571,228,train
a471d7877.jpg,5,124,0,1471,253,train
a4844715b.jpg,6,563,69,879,220,train
a485b97e7.jpg,3,1173,2,1326,206,train
a485d538c.jpg,3,660,0,846,255,train
a4906327e.jpg,3,72,1,310,255,val
a493cde22.jpg,3,1237,1,1318,255,train
a49cff42b.jpg,5,185,1,1022,255,val
a49edb718.jpg,3,720,84,904,157,train
a4a648cf6.jpg,4,21,1,1587,246,train
a4c93ac65.jpg,5,31,52,1529,235,train
a4cef60d1.jpg,3,785,0,807,255,train
a4d22b821.jpg,4,0,34,155,255,train
a4d3149e0.jpg,1,342,42,1495,255,train
a4d9a97f6.jpg,3,1484,140,1599,254,train
a4d9a97f6.jpg,4,407,0,925,255,train
a4dff615e.jpg,3,938,0,970,197,val
a4e947fb4.jpg,5,14,1,1599,255,train
a4f1180ba.jpg,5,0,10,1516,255,train
a4f349030.jpg,3,922,0,958,255,train
a5006914c.jpg,3,1089,0,1123,255,train
a506b44b3.jpg,1,658,0,714,255,val
a508dd004.jpg,3,971,0,1096,137,train
a508dd004.jpg,4,619,1,771,203,train
a5092043e.jpg,5,713,0,1409,200,train
a51bf62f7.jpg,5,165,0,1277,255,train
a52f36666.jpg,5,481,0,1291,255,val
a53891ed0.jpg,1,882,0,899,255,train
a541e2eb6.jpg,3,726,1,768,255,train
a559091c5.jpg,1,1406,24,1441,140,train
a5655b60f.jpg,3,1193,2,1227,127,train
a567b95ad.jpg,5,0,0,506,255,train
a56c8f958.jpg,1,162,42,179,231,val
a56c8f958.jpg,5,180,0,1432,255,val
a56d4b7be.jpg,6,804,21,824,90,val
a56df9123.jpg,2,1499,120,1511,251,train
a57369d47.jpg,5,0,0,1598,255,train
a5a0e4b19.jpg,3,499,0,704,255,val
a5aa4829b.jpg,5,639,0,1072,255,train
a5ac1a50b.jpg,5,627,78,1163,255,train
a5b23c751.jpg,5,34,2,1517,255,train
a5b484508.jpg,3,652,0,674,240,train
a5b53e614.jpg,5,75,0,410,255,train
a5b7b7fcc.jpg,3,1436,0,1450,255,train
a5c3d1132.jpg,3,453,0,493,254,val
a5c7ae660.jpg,5,649,0,1362,248,train
a5cb0256f.jpg,4,2,143,1525,253,val
a5d571de0.jpg,3,1398,52,1534,255,train
a5d8010d4.jpg,3,410,0,674,146,train
a5e7b9502.jpg,5,119,9,1433,255,val
a5e9195b6.jpg,5,1,17,1598,209,val
a5eb02ff0.jpg,3,898,0,917,255,train
a5ed4358c.jpg,3,1022,3,1057,253,train
a5f996baa.jpg,5,48,0,1522,255,val
a5fb2758e.jpg,5,689,2,1006,253,train
a61636c13.jpg,3,1015,0,1232,255,train
a6195e2d6.jpg,4,0,0,588,217,train
a61996577.jpg,5,534,0,1478,255,val
a61ce7b8a.jpg,3,0,4,36,188,train
a61ce7b8a.jpg,4,1031,90,1598,235,train
a62465bd7.jpg,5,1093,0,1353,255,train
a629cce39.jpg,5,236,0,996,255,val
a634d3a24.jpg,5,270,0,1517,255,train
a63669b29.jpg,6,345,0,654,255,val
a65a8503a.jpg,5,166,0,761,254,val
a65d823b7.jpg,3,64,0,80,255,train
a664d8138.jpg,3,190,74,687,176,train
a67df9196.jpg,1,1476,135,1524,211,train
a68906588.jpg,3,649,0,670,254,val
a689f4047.jpg,1,1486,1,1523,255,train
a68dcc7d2.jpg,5,194,0,1234,255,val
a697f938a.jpg,3,71,0,315,255,train
a6980dd61.jpg,5,886,0,1194,255,train
a69fb48e2.jpg,3,1268,0,1313,254,val
a6a6f59c7.jpg,3,81,67,344,255,val
a6aceec2e.jpg,3,1538,138,1575,255,train
a6aceec2e.jpg,4,934,5,1235,194,train
a6af7373c.jpg,3,1090,0,1143,255,train
a6b00abd7.jpg,5,1008,0,1479,254,train
a6b3d554a.jpg,3,1072,4,1083,254,train
a6b56df05.jpg,3,868,1,895,255,train
a6ba6acf0.jpg,3,829,10,853,101,train
a6c28501b.jpg,5,449,0,1143,255,train
a6c3abdb9.jpg,2,828,19,859,255,train
a6c7b60b3.jpg,5,387,0,1276,255,train
a6ecee828.jpg,5,699,0,1162,253,train
a6fcd0f71.jpg,3,390,98,415,112,train
a70b5d0c5.jpg,1,536,0,1375,255,val
a70b5d0c5.jpg,3,1016,55,1058,255,val
a71670d83.jpg,3,1300,0,1456,233,val
a71e53574.jpg,3,1317,32,1353,87,train
a71e7121c.jpg,6,450,43,481,90,train
a725b623a.jpg,3,1475,0,1559,235,train
a72d931f0.jpg,6,688,162,747,215,train
a732b1b72.jpg,1,262,3,436,255,train
a7391743c.jpg,1,112,0,291,142,train
a750dc23a.jpg,4,944,14,1004,255,val
a753532d6.jpg,3,119,0,278,255,train
a753532d6.jpg,4,942,4,1323,255,train
a75bb4c01.jpg,2,504,0,522,255,train
a75ec2a42.jpg,3,1276,19,1325,235,train
a763e8b83.jpg,4,238,183,268,206,val
a7655a8d3.jpg,3,624,0,648,254,train
a76b26d44.jpg,5,135,2,1455,255,train
a77af14dd.jpg,6,423,0,799,255,train
a77b147af.jpg,1,767,0,792,94,train
a78f72e04.jpg,5,626,0,1068,255,val
a7942bafe.jpg,5,739,0,1172,255,train
a79e9a769.jpg,3,840,0,865,249,train
a7c57d74f.jpg,3,0,0,551,67,train
a7d470272.jpg,5,109,1,892,255,train
a7d5ae972.jpg,5,922,0,1226,255,train
a7e675896.jpg,1,702,13,740,254,val
a7e79695b.jpg,3,1031,36,1123,254,train
a800aee21.jpg,6,164,79,1355,239,train
a8146bce3.jpg,3,920,43,937,255,train
a81499b19.jpg,3,1192,0,1386,253,train
a8188747f.jpg,5,201,0,1073,255,train
a81d409c6.jpg,3,1266,0,1310,241,train
a8241cf3d.jpg,5,680,1,1075,255,train
a826d9481.jpg,3,829,0,1034,255,train
a82b34c33.jpg,5,292,0,1175,255,train
a8312b3b0.jpg,6,1374,45,1402,74,train
a831d2806.jpg,5,74,0,1547,255,val
a835a0e50.jpg,5,435,0,1186,212,train
a85276d6e.jpg,3,292,152,336,255,val
a8767436f.jpg,3,173,0,200,255,train
a886bfcfc.jpg,6,717,59,751,135,val
a88757126.jpg,5,975,0,1263,237,train
a88dc13d6.jpg,5,664,0,1014,255,train
a8b77ce4d.jpg,6,738,42,766,116,train
a8ba23b0a.jpg,2,377,1,479,255,train
a8ba23b0a.jpg,3,1319,99,1414,183,train
a8bc0275d.jpg,3,707,0,776,255,train
a8cd71412.jpg,2,1497,1,1519,255,train
a8de477f0.jpg,3,722,0,870,255,train
a8eaf15a1.jpg,3,207,165,374,228,train
a8f977b31.jpg,3,816,3,872,230,train
a8fcfff62.jpg,5,432,0,1576,255,train
a90767710.jpg,5,1119,17,1596,204,train
a909833f5.jpg,3,926,136,962,233,val
a9107b3b6.jpg,5,141,0,1000,255,train
a9108753d.jpg,3,12,132,332,206,train
a912cf0b9.jpg,5,708,0,1201,254,train
a91b97969.jpg,1,1359,60,1403,112,train
a922818e9.jpg,5,445,10,1377,255,train
a922edcb6.jpg,3,1172,53,1325,250,train
a9378655a.jpg,1,171,3,451,255,train
a93b52e93.jpg,3,637,205,779,255,train
a9414f90f.jpg,5,529,0,1493,255,train
a94abfda7.jpg,5,0,10,917,255,val
a97abc0aa.jpg,5,3,35,1599,219,train
a97d3a84e.jpg,4,199,141,360,254,train
a9840c747.jpg,1,764,169,789,196,train
a985a9c7c.jpg,1,247,31,589,219,train
a98f00f6b.jpg,3,1214,0,1392,255,train
a9914e83b.jpg,5,242,0,1241,252,train
a9914e83b.jpg,4,316,43,538,255,train
a9945ecd5.jpg,5,816,0,1082,255,val
a997f247d.jpg,1,281,45,337,193,train
a9a045b71.jpg,5,643,73,1080,250,train
a9a5ac063.jpg,4,1179,0,1385,68,val
a9b1abf48.jpg,3,855,1,904,228,train
a9b327adb.jpg,5,149,0,1528,254,train
a9b4c5d52.jpg,3,945,42,985,255,train
a9c5e9f1e.jpg,3,0,0,181,114,train
a9cb86e69.jpg,6,939,54,955,129,train
a9cee6edb.jpg,5,581,0,1204,255,train
a9d3b0f3e.jpg,3,1183,0,1334,205,train
a9e1fc1bc.jpg,5,0,0,1087,254,val
a9e2530ed.jpg,5,764,0,1068,255,val
a9e7b571e.jpg,4,83,6,1556,254,train
a9eed3b01.jpg,5,649,0,1415,255,train
a9f5f9806.jpg,5,563,0,1220,255,train
a9f605949.jpg,5,5,0,1438,255,train
aa029b4a0.jpg,3,0,83,412,233,train
aa14f39fd.jpg,6,1278,110,1395,156,train
aa1645714.jpg,5,270,0,1068,255,val
aa218783a.jpg,5,657,0,1599,255,train
aa2db8e29.jpg,5,745,0,1129,250,train
aa394081e.jpg,5,254,0,805,255,train
aa49482e5.jpg,4,172,6,265,174,train
aa4b29d91.jpg,5,167,0,1286,255,train
aa53582ee.jpg,1,133,0,593,224,train
aa61a5c9f.jpg,5,153,0,701,255,train
aa626ae0c.jpg,5,446,0,1011,255,train
aa6bd6ba3.jpg,5,498,0,821,255,train
aa741b586.jpg,3,1311,0,1368,255,train
aa7a0bcf3.jpg,3,684,3,701,237,train
aa88568ad.jpg,3,121,0,314,255,train
aa8b6ebcf.jpg,3,578,0,713,215,train
aa9a7363b.jpg,3,1073,0,1322,255,train
aab6434b3.jpg,4,30,49,1267,117,train
aac54b46c.jpg,6,686,36,734,250,train
aac764a88.jpg,5,857,0,1463,255,train
aad06b99e.jpg,3,1135,0,1338,57,train
aad347618.jpg,3,941,73,1004,255,train
aae6bc5be.jpg,5,67,0,552,255,train
aaf12ddee.jpg,5,608,0,1189,157,train
ab0010546.jpg,5,782,0,1233,255,train
ab1293c8f.jpg,5,33,0,1362,255,train
ab13f368e.jpg,3,179,0,262,255,train
ab16f0e09.jpg,1,730,202,767,255,train
ab1dda536.jpg,5,283,0,1029,255,train
ab2300506.jpg,3,144,127,212,179,train
ab2541958.jpg,5,880,0,1357,255,train
ab2b3d3d9.jpg,3,700,2,721,254,train
ab312df89.jpg,3,1069,5,1079,250,train
ab3fed191.jpg,3,725,0,778,93,train
ab4fab99e.jpg,4,0,0,110,254,train
ab5717ad2.jpg,6,343,34,463,224,train
ab6530468.jpg,3,164,0,192,255,train
ab6afa374.jpg,5,257,0,1014,255,train
ab70f8ba6.jpg,5,40,0,1362,255,val
ab710a287.jpg,1,686,9,740,61,train
abab01f92.jpg,1,1431,139,1461,241,train
abab01f92.jpg,3,1435,0,1455,133,train
abb5daaa0.jpg,5,151,0,844,255,train
abc73ae71.jpg,3,1091,2,1232,252,val
abe217835.jpg,5,0,2,938,197,train
abe8e7faf.jpg,3,612,68,635,255,train
abedd15e2.jpg,3,679,1,700,255,train
ac03345dc.jpg,3,1162,3,1200,254,train
ac0682b30.jpg,5,123,0,982,255,val
ac0bec1fa.jpg,3,801,67,1033,156,train
ac15719f1.jpg,5,1,7,956,255,val
ac172af5a.jpg,5,504,0,1306,255,train
ac39eca81.jpg,1,289,4,1125,94,train
ac461b596.jpg,3,633,0,808,255,val
ac47aefbc.jpg,4,268,0,1599,255,train
ac48ab24b.jpg,1,718,149,738,197,train
ac4ba5c1a.jpg,3,1201,36,1395,251,train
ac504079d.jpg,3,1090,132,1152,191,val
ac550233a.jpg,6,867,79,952,237,val
ac59becc1.jpg,3,1065,1,1098,255,train
ac5de187a.jpg,5,3,3,1421,255,train
ac6367260.jpg,2,1000,93,1008,248,train
ac6367260.jpg,4,953,7,1019,94,train
ac681cbde.jpg,5,15,0,1313,255,train
ac68f9acc.jpg,3,674,0,706,254,train
ac7848f35.jpg,5,12,0,1599,255,val
ac786cb58.jpg,3,546,223,574,255,val
ac7b3fdd1.jpg,1,1430,1,1458,193,train
ac7e898e6.jpg,5,102,0,1556,255,train
ac8edd837.jpg,5,0,0,1431,255,train
ac912ddc4.jpg,3,1109,0,1326,255,val
ac97767a7.jpg,5,391,0,1381,255,train
ac98d5840.jpg,5,902,1,1232,255,train
ac9c592aa.jpg,5,1010,0,1599,159,val
aca765aec.jpg,5,466,0,1380,255,train
acb2ad63d.jpg,5,344,0,633,255,train
acbe1e2c1.jpg,3,367,0,403,255,val
acbe1e2c1.jpg,4,1121,10,1599,255,val
acc4098ce.jpg,1,1275,137,1294,230,train
acc420cb3.jpg,3,700,1,720,255,train
accc38459.jpg,3,418,1,451,255,train
acd295ec3.jpg,3,987,0,1127,255,train
acd30588b.jpg,3,988,0,1086,83,train
acd30bd6a.jpg,2,959,50,978,255,train
ace59105f.jpg,3,694,0,717,254,train
ace8c1151.jpg,5,664,0,1142,255,train
acfdc8ec2.jpg,5,107,0,1599,254,train
ad26af6e4.jpg,4,482,0,1254,255,train
ad2e93a85.jpg,5,480,0,1287,255,train
ad3630cdc.jpg,5,285,0,1377,255,train
ad5a2ea44.jpg,3,694,0,712,255,val
ad64c0940.jpg,1,760,0,815,101,train
ad6506c7b.jpg,5,123,0,983,255,train
ad6aed3f4.jpg,3,1209,9,1362,127,train
ad6fb4fab.jpg,3,1347,2,1371,255,train
ad76bc064.jpg,5,562,0,1075,132,train
ad8744ba7.jpg,3,1299,141,1482,198,train
ad8d59858.jpg,3,504,224,588,254,train
ad8ffec02.jpg,5,711,6,1481,252,val
ad8ffec02.jpg,4,863,0,1111,255,val
ad9ad21f4.jpg,4,894,0,1031,69,train
ada3dacbe.jpg,5,674,0,1475,255,train
ada844648.jpg,5,706,0,1568,247,train
ada844648.jpg,4,211,46,887,255,train
adaa47142.jpg,3,1057,145,1066,253,train
adbe07a60.jpg,3,291,1,470,255,train
adc257b59.jpg,1,34,0,1438,255,val
adc257b59.jpg,3,527,0,587,59,val
add5c87e5.jpg,3,662,0,814,255,train
add980018.jpg,5,7,0,1599,255,train
addd390e9.jpg,5,149,0,1291,255,val
adf5fdfe2.jpg,4,411,71,645,194,train
adf68e54a.jpg,5,1,115,673,216,train
adf93f9bf.jpg,3,1149,15,1272,255,train
adfc5f0e0.jpg,3,581,1,1119,111,train
adff445fd.jpg,5,25,105,1592,193,train
ae2c96c4e.jpg,3,658,30,833,104,val
ae3047bf7.jpg,5,653,0,1435,254,val
ae35b6067.jpg,3,707,1,721,162,train
ae3ad362b.jpg,3,1148,1,1205,190,val
ae41ecb3f.jpg,3,153,1,278,255,train
ae4555b5b.jpg,4,956,1,1302,248,train
ae4753c89.jpg,3,783,191,849,254,train
ae4e898e8.jpg,5,568,0,1391,255,train
ae5a0fa7c.jpg,4,983,3,1595,238,train
ae6b5adc2.jpg,3,441,151,1044,255,train
ae6d0bf01.jpg,5,17,0,1550,254,train
ae79304b2.jpg,5,766,0,1135,255,train
ae7a2de0d.jpg,3,688,3,702,252,train
ae93df7d1.jpg,3,541,0,706,254,val
ae9976755.jpg,5,686,117,1437,255,val
ae9a53e90.jpg,3,1210,105,1391,255,train
ae9c7966a.jpg,3,1465,0,1481,217,train
aea1eb689.jpg,5,102,0,1570,255,train
aea51e93f.jpg,3,159,4,381,65,train
aeaa1deef.jpg,6,742,52,1234,255,train
aeadf8fde.jpg,5,596,0,1205,255,train
aeb34560d.jpg,5,503,0,1301,255,train
aeb94b95f.jpg,2,470,49,482,189,train
aebbc40a6.jpg,3,10,68,44,136,train
aec250881.jpg,2,101,139,110,255,train
aeda5b216.jpg,4,555,121,637,201,train
aee116071.jpg,5,527,0,1395,255,train
aee20074e.jpg,4,859,17,1003,186,val
aefa93267.jpg,3,1195,50,1343,255,train
aefd662e5.jpg,5,81,82,1537,255,train
af094b41c.jpg,3,345,43,382,255,train
af09a0336.jpg,4,1227,5,1595,250,train
af0aad614.jpg,5,439,1,1000,255,val
af1debfe3.jpg,3,385,0,530,255,train
af2cfbb4a.jpg,4,129,58,1311,254,train
af33842ad.jpg,5,679,0,1303,255,train
af426e1d3.jpg,3,932,0,1022,255,val
af4cdefaa.jpg,3,1350,10,1376,247,train
af4d2ee24.jpg,5,336,0,1548,252,train
af5c06a20.jpg,1,546,0,1348,255,val
af61c6bf8.jpg,6,280,6,1396,230,train
af6441bac.jpg,3,897,28,932,93,train
af67d55bd.jpg,3,1038,19,1167,255,val
af7c08f36.jpg,1,98,0,554,255,train
af7c08f36.jpg,3,358,149,443,255,train
af7ca17d0.jpg,3,1128,0,1333,255,train
af7db8470.jpg,3,863,107,906,255,train
af807ce02.jpg,3,731,2,776,252,train
af8103af3.jpg,3,378,167,911,255,train
af828b126.jpg,3,268,4,335,249,train
afb3e0467.jpg,3,1101,0,1117,216,train
afb67e4d9.jpg,5,28,1,1357,255,train
afb854388.jpg,5,125,111,1237,180,val
afbab41f0.jpg,5,863,108,1309,255,train
afc26c2a0.jpg,5,501,0,1199,255,train
afc4ca4f0.jpg,5,45,0,748,255,train
afd3f856d.jpg,3,1137,1,1155,255,train
aff01777f.jpg,1,684,51,723,117,val
aff2b8b8a.jpg,3,807,181,970,242,val
aff405a28.jpg,3,206,2,252,249,train
b001f0e9b.jpg,3,434,182,871,254,train
b0038b54c.jpg,1,480,1,689,250,train
b0038b54c.jpg,2,747,0,760,191,train
b00741c0a.jpg,3,1411,0,1452,255,train
b00741c0a.jpg,4,99,65,784,255,train
b023d90ff.jpg,5,98,0,1599,255,train
b0254cb54.jpg,5,429,0,1136,255,val
b0271d280.jpg,2,439,2,469,255,train
b030ec597.jpg,5,414,0,801,255,val
b0348d794.jpg,3,1177,0,1203,233,train
b045a0df2.jpg,4,1139,1,1411,166,train
b04b907b2.jpg,3,50,0,246,255,train
b04e7875c.jpg,5,358,0,1176,255,train
b05365219.jpg,5,688,0,1450,255,val
b0636a5e2.jpg,3,1043,0,1149,255,train
b07380a2e.jpg,1,1462,169,1491,246,train
b080280d8.jpg,5,0,35,1332,255,train
b080280d8.jpg,4,401,46,725,255,train
b08435f96.jpg,5,0,0,1079,255,train
b08712015.jpg,1,568,76,611,253,train
b08d40600.jpg,1,78,0,442,144,train
b091930af.jpg,3,202,0,275,255,train
b0a1cec01.jpg,3,623,0,841,255,train
b0bd510db.jpg,4,835,41,1125,196,train
b0e0b8842.jpg,5,508,9,1488,207,train
b0f9fff35.jpg,3,1180,3,1326,172,val
b107bf5bd.jpg,5,948,0,1577,255,train
b10ca1dc4.jpg,5,1032,0,1583,255,train
b110ca8c2.jpg,3,809,0,845,188,val
b12e436c3.jpg,5,366,0,1326,255,train
b12fc900b.jpg,1,454,0,567,121,train
b12fc900b.jpg,3,1208,146,1426,250,train
b138e942e.jpg,4,1051,75,1237,209,train
b14355f10.jpg,5,3,15,1598,197,train
b147f0f0f.jpg,3,1276,4,1289,153,train
b15e6ca53.jpg,3,958,2,981,251,train
b1623b91f.jpg,4,1,68,401,254,train
b162a9cb2.jpg,3,757,54,1010,234,train
b1639af61.jpg,4,604,0,1311,192,train
b17fcb164.jpg,5,2,1,1436,255,train
b1933b386.jpg,3,1210,41,1371,255,train
b19603805.jpg,4,509,0,1432,151,train
b19fbab56.jpg,6,234,0,1324,147,train
b1b3ec5fd.jpg,5,165,0,1020,254,train
b1b3ec5fd.jpg,4,742,34,1560,241,train
b1b94f0fc.jpg,6,1438,124,1465,157,train
b1b94f0fc.jpg,2,1456,68,1484,233,train
b1b95cd4d.jpg,3,789,0,808,255,train
b1bbea81b.jpg,3,1537,132,1590,198,train
b1c4d3872.jpg,5,603,0,1193,255,train
b1c892c12.jpg,5,239,0,1005,255,train
b1cf6d807.jpg,5,214,0,1414,255,train
b1d3f12b6.jpg,5,1071,0,1374,255,train
b1d3f12b6.jpg,4,846,0,1265,190,train
b1d574c91.jpg,4,235,0,1451,255,train
b1e3c11ad.jpg,4,1127,0,1526,136,train
b1e5931af.jpg,5,1,0,1599,255,val
b1e74e71d.jpg,4,1191,24,1275,252,val
b1e9c469c.jpg,5,517,1,1078,255,val
b1f5ce725.jpg,4,728,0,1201,208,train
b1fd37779.jpg,3,1141,0,1365,255,train
b20fb15ff.jpg,4,253,4,664,250,val
b20fcab43.jpg,3,512,0,732,254,val
b2148a422.jpg,5,581,17,873,248,train
b2148a422.jpg,4,1079,102,1434,251,train
b21f4da7f.jpg,3,1072,0,1176,255,val
b228e91a7.jpg,3,263,37,302,255,train
b229bd6b5.jpg,3,760,0,938,255,train
b22b846c8.jpg,4,598,72,713,147,train
b23512d3b.jpg,5,688,0,1379,255,train
b23e854e8.jpg,3,722,0,1045,190,train
b2461e55e.jpg,3,1217,3,1247,246,train
b2488a745.jpg,4,468,0,1526,155,train
b24d691a6.jpg,3,965,0,1007,84,val
b24d691a6.jpg,4,1101,184,1491,255,val
b2564fb98.jpg,5,359,0,1193,255,train
b26acc3a8.jpg,4,0,0,927,255,train
b27127d1d.jpg,3,495,1,519,88,train
b27127d1d.jpg,4,150,0,379,231,train
b2854eaff.jpg,3,749,0,966,255,val
b29f4c4ed.jpg,3,169,0,196,229,train
b2ad335bf.jpg,5,0,76,1391,255,train
b2ba56cd7.jpg,5,31,87,865,254,val
b2c9fde17.jpg,5,852,0,1584,255,train
b2cbd553f.jpg,3,607,80,769,144,train
b2d4a1767.jpg,5,919,0,1227,255,train
b2e59bdaa.jpg,3,1283,1,1376,255,train
b2ec9ed47.jpg,1,1400,68,1434,148,val
b2f297777.jpg,5,511,0,1312,255,train
b303bf6e5.jpg,5,676,0,1082,254,train
b3139b9a1.jpg,5,450,0,874,255,train
b31d1c693.jpg,5,120,0,973,255,train
b32156d1f.jpg,3,641,1,725,255,train
b32f9fddd.jpg,3,437,0,487,253,train
b32f9fddd.jpg,4,1085,104,1280,255,train
b34091037.jpg,2,1461,97,1480,255,train
b34272d97.jpg,3,1051,214,1169,255,train
b34e9a47e.jpg,5,806,47,1512,255,train
b34f3d4dc.jpg,3,1009,0,1125,254,train
b35a08d7a.jpg,3,926,139,957,193,train
b35a7ff2e.jpg,3,1139,76,1286,253,train
b35ab5606.jpg,3,1150,0,1163,255,train
b378e4122.jpg,5,0,0,1597,252,train
b379c8f14.jpg,3,983,13,1010,255,val
b37a57736.jpg,5,399,0,1435,255,train
b38f593fd.jpg,4,75,2,1464,251,train
b3920826e.jpg,3,1231,0,1433,255,train
b3a8bd174.jpg,2,453,0,489,255,train
b3aa31a86.jpg,5,0,4,1417,255,train
b3ac3189c.jpg,5,643,0,1120,255,train
b3b1e1046.jpg,1,679,3,729,255,train
b3b742102.jpg,3,393,0,606,96,val
b3b8f0c9e.jpg,5,0,67,1378,255,train
b3bbd7121.jpg,3,35,147,181,184,train
b3bf49ca1.jpg,5,423,0,992,255,train
b3cea5fb4.jpg,5,1,0,1101,142,train
b3d4ba1e2.jpg,3,1191,2,1219,255,train
b3d4c7809.jpg,1,852,0,1406,173,train
b3d88bde6.jpg,5,1,74,987,255,train
b3e51537d.jpg,5,740,1,1135,255,train
b3eb9c9cb.jpg,5,787,0,1156,255,train
b3f7ae992.jpg,3,1123,0,1364,255,train
b3ff13646.jpg,3,737,39,898,100,train
b3ff830e0.jpg,5,446,0,1498,255,val
b40abdab2.jpg,3,1107,6,1336,235,train
b4124fe84.jpg,3,656,0,675,251,train
b41747a10.jpg,5,0,75,362,255,train
b41ab39a5.jpg,3,1258,0,1436,254,train
b43ea2c01.jpg,1,722,171,752,207,val
b442ff31d.jpg,5,368,1,961,255,train
b448498eb.jpg,2,394,38,466,253,train
b44cfa5ba.jpg,3,981,106,1529,206,train
b44f92bd6.jpg,5,132,0,737,255,train
b44fc6ba9.jpg,5,207,0,1489,255,train
b45c67a1f.jpg,1,42,0,217,216,train
b46dafae2.jpg,3,678,1,698,254,train
b46ecc387.jpg,5,352,0,1326,255,train
b483a0a1a.jpg,3,1022,0,1056,255,train
b496d0a29.jpg,3,357,2,553,119,train
b4aa8dbf0.jpg,5,485,0,1062,251,train
b4b5c6a86.jpg,1,276,0,579,188,train
b4cc6a4ed.jpg,5,470,0,1112,255,val
b4d309794.jpg,3,1432,16,1527,246,train
b4d920147.jpg,5,149,0,1097,255,train
b4efa00f7.jpg,3,1171,52,1318,255,train
b4efad45e.jpg,5,556,0,1426,255,train
b4fb938fd.jpg,3,974,0,1176,255,train
b51e25392.jpg,3,841,0,875,212,train
b52933f82.jpg,5,260,0,1545,253,train
b5352d213.jpg,5,822,136,1372,255,train
b537ab3ce.jpg,5,162,0,422,255,train
b54038841.jpg,3,329,0,494,255,train
b55ffe803.jpg,5,824,0,1206,255,val
b568146ec.jpg,3,579,0,607,254,train
b5696c8f3.jpg,3,1144,1,1161,255,val
b56de2940.jpg,5,1266,1,1518,255,train
b5730acdd.jpg,5,994,1,1319,254,train
b57c00a3f.jpg,5,284,0,812,255,val
b57d15322.jpg,6,727,54,752,196,train
b5804f43f.jpg,3,46,0,110,216,train
b58132808.jpg,5,0,0,1125,170,train
b5867dc30.jpg,3,676,0,698,255,train
b595566b3.jpg,6,946,0,979,112,train
b595566b3.jpg,2,945,119,963,255,train
b5967f1ce.jpg,4,115,35,767,255,train
b5ab7a42f.jpg,5,851,0,1192,255,train
b5b48f9f3.jpg,3,1379,0,1420,254,train
b5b5e513b.jpg,5,0,15,1543,134,val
b5b6de778.jpg,1,965,59,1030,255,train
b5b99c878.jpg,5,102,0,1009,243,train
b5b99c878.jpg,4,1339,0,1585,74,train
b5cba8cac.jpg,3,439,0,493,209,train
b5cda37bc.jpg,3,1080,41,1254,116,val
b5cdb72ff.jpg,3,1091,1,1325,255,train
b5d9dfe6d.jpg,5,5,0,1346,255,train
b612e5812.jpg,4,1417,52,1562,225,train
b613acfb7.jpg,3,1179,7,1189,250,train
b62d34440.jpg,3,1158,6,1258,245,train
b63488e9d.jpg,3,1204,103,1355,255,train
b641f8ae5.jpg,5,404,0,1172,255,val
b646b6038.jpg,4,2,3,255,255,train
b64b9969e.jpg,5,37,9,1511,241,train
b64b9969e.jpg,4,382,150,644,250,train
b64e18b92.jpg,1,300,169,310,255,train
b64e18b92.jpg,3,682,5,854,70,train
b64f0985f.jpg,3,345,0,490,255,train
b657c7ed4.jpg,1,1394,0,1424,229,val
b658e6c9f.jpg,5,425,0,990,255,val
b6656880b.jpg,5,808,1,1108,255,train
b66721b1f.jpg,5,179,29,1516,255,train
b66e31dfb.jpg,1,679,47,718,95,train
b66e36656.jpg,3,366,11,435,254,train
b682bfafd.jpg,4,713,130,892,252,train
b68a9259a.jpg,5,55,1,1069,255,val
b68a9259a.jpg,4,1206,81,1404,254,val
b68ac5910.jpg,4,27,167,176,255,train
b68b3a262.jpg,3,208,10,235,173,train
b68b9258c.jpg,5,560,0,1594,255,train
b68c2531c.jpg,3,341,170,445,250,val
b68c95b87.jpg,3,785,172,948,242,train
b69920a15.jpg,3,610,1,634,255,train
b69aaf096.jpg,3,1224,94,1372,254,val
b69d1ed6a.jpg,5,696,0,1477,255,train
b6a257b28.jpg,2,1492,0,1509,146,train
b6a5c7a5b.jpg,4,777,89,857,169,val
b6b66ca8c.jpg,5,7,3,1317,253,train
b6c0a38e9.jpg,5,774,0,1282,255,val
b6c567b64.jpg,5,637,0,1429,231,train
b6d6d52ac.jpg,5,456,0,834,255,train
b6d964955.jpg,5,475,0,795,255,train
b6f5f2414.jpg,5,887,0,1476,255,val
b6f61c6b0.jpg,4,569,4,825,115,train
b6fc52f4e.jpg,5,476,95,1359,255,train
b6fdc1d5e.jpg,3,217,97,254,234,val
b70e904f7.jpg,3,1188,0,1373,255,train
b719010ac.jpg,3,1221,0,1368,254,train
b71ee7bd0.jpg,4,6,47,620,255,train
b72d341bf.jpg,5,500,2,1193,255,train
b732ea1f3.jpg,5,294,0,688,255,val
b733d1672.jpg,5,151,0,1506,253,train
b733d1672.jpg,4,815,155,905,213,train
b754c1efe.jpg,1,111,41,417,255,train
b76bbb3cf.jpg,6,301,217,343,255,train
b78629be2.jpg,3,1055,1,1187,255,train
b7871011a.jpg,1,1383,2,1413,184,val
b7982b7d8.jpg,5,979,72,1599,254,train
b799d56cd.jpg,3,632,83,799,149,val
b79a0d30f.jpg,3,954,53,1042,127,val
b79a0d30f.jpg,4,1358,70,1474,156,val
b7a1d89ae.jpg,3,1250,42,1399,246,train
b7a2b2275.jpg,5,785,33,1366,165,val
b7b29537e.jpg,4,686,36,1376,254,train
b7b6fd4ed.jpg,3,645,3,657,160,train
b7d19b506.jpg,6,151,32,1222,249,train
b7dab02ec.jpg,3,1490,51,1524,255,train
b7df222b1.jpg,5,208,0,1506,255,train
b7e90de47.jpg,5,420,0,1331,255,train
b7ec604f7.jpg,5,699,0,1233,255,train
b7f84836b.jpg,3,943,95,1000,161,train
b7fd1f63b.jpg,1,7,7,332,125,train
b845c99d9.jpg,3,663,0,758,255,train
b845ef149.jpg,3,740,2,768,255,train
b8576af47.jpg,3,27,1,51,255,train
b8642bd0a.jpg,5,807,0,1080,255,train
b868c43ca.jpg,3,1257,80,1408,255,val
b86c963d6.jpg,5,340,0,1596,255,train
b86c963d6.jpg,4,585,87,885,255,train
b87571cc4.jpg,3,824,113,1045,149,train
b87a1d850.jpg,5,200,0,1217,255,val
b881357b7.jpg,3,1077,0,1158,255,train
b89490249.jpg,3,1038,22,1138,255,train
b895d1213.jpg,3,943,0,1134,255,val
b89d58ef2.jpg,5,0,100,1054,255,val
b89d58ef2.jpg,4,413,0,847,255,val
b8a69919f.jpg,2,901,0,918,255,train
b8a7c74b3.jpg,5,1031,0,1325,255,train
b8a955c48.jpg,5,165,92,1598,255,train
b8a9fb7d0.jpg,5,175,0,1023,255,train
b8b03dcfe.jpg,3,0,154,258,207,train
b8b4d7133.jpg,4,771,0,1095,229,val
b8b5ed4d0.jpg,3,1331,137,1395,248,train
b8b5ed4d0.jpg,4,1000,144,1247,255,train
b8ba151b1.jpg,3,72,116,127,133,val
b8be43898.jpg,5,733,0,1000,255,train
b8d2805f9.jpg,3,865,0,1065,255,train
b8eadd5bf.jpg,5,0,173,1598,251,train
b8f1c53e2.jpg,6,407,82,533,255,train
b8f684e65.jpg,5,653,1,1426,254,val
b90e286a5.jpg,1,1435,0,1493,244,train
b90f74ebe.jpg,5,64,0,1567,255,train
b913b77cc.jpg,3,652,0,674,180,train
b925ef3b7.jpg,1,50,2,744,155,train
b93118acc.jpg,5,804,5,1545,255,train
b933f4591.jpg,3,269,3,296,115,train
b93cc6719.jpg,5,774,24,1181,197,train
b93f5fdc0.jpg,5,0,11,629,194,val
b941e37d2.jpg,4,74,7,246,242,val
b941eeaa7.jpg,3,4,206,51,255,train
b949db636.jpg,3,686,14,711,255,train
b94f92e51.jpg,3,1036,11,1173,251,train
b94f92e51.jpg,4,138,0,502,211,train
b9517e2e2.jpg,5,1027,3,1504,255,train
b954698ba.jpg,4,571,0,1588,237,train
b95e49245.jpg,5,814,124,1599,229,train
b963c168c.jpg,2,415,126,429,246,train
b9752d783.jpg,3,543,161,711,231,val
b9888ed87.jpg,1,289,38,564,215,val
b98aee209.jpg,2,1504,142,1522,255,train
b98f3f3b7.jpg,3,1112,77,1202,233,train
b99b4abea.jpg,3,1068,1,1098,255,train
b99b4abea.jpg,4,221,0,824,205,train
b9aa11e17.jpg,1,1432,0,1520,247,train
b9b07c892.jpg,4,102,0,743,254,train
b9b3b12aa.jpg,2,967,70,982,255,train
b9b5cb6f5.jpg,1,28,1,49,255,train
b9bef4fe1.jpg,3,181,147,209,206,val
b9dbbf8ac.jpg,3,186,0,272,254,train
b9e47cf86.jpg,3,654,1,700,49,train
b9f5fe198.jpg,4,359,87,645,250,train
b9f8dffba.jpg,3,1376,0,1396,248,val
b9fa8b135.jpg,1,136,0,514,200,train
b9fc6b359.jpg,4,163,0,706,255,val
ba027ff62.jpg,3,65,0,305,255,train
ba0c890a2.jpg,5,0,30,1597,229,train
ba0e69f45.jpg,2,50,0,79,255,val
ba11c9dc3.jpg,5,483,0,1517,254,train
ba1ce59a8.jpg,3,1263,130,1301,201,train
ba3cdb064.jpg,5,1,23,1325,224,train
ba3fd31de.jpg,3,27,209,75,255,train
ba4008245.jpg,3,1245,4,1436,244,train
ba4284649.jpg,4,232,57,495,255,train
ba4ac3636.jpg,3,939,15,1191,255,val
ba4ac3636.jpg,4,859,0,971,95,val
ba54b162d.jpg,3,613,47,691,255,train
ba7ed19b3.jpg,5,386,0,808,255,val
baa9d44b3.jpg,5,193,0,1030,255,train
bab5271b6.jpg,1,668,9,704,196,train
bab5271b6.jpg,3,1099,76,1119,96,train
baba8612a.jpg,3,1140,145,1286,255,val
babc63c5b.jpg,3,1195,34,1344,236,train
babc99f0c.jpg,1,72,10,815,233,train
babc99f0c.jpg,3,1383,215,1476,255,train
bac68f2c3.jpg,5,0,0,1598,255,train
baca6503a.jpg,4,1209,3,1318,149,val
bacb738d3.jpg,3,165,0,252,242,train
bacfd8fc8.jpg,3,656,1,674,136,train
badc586ae.jpg,5,251,0,624,253,val
badc94207.jpg,5,684,0,1411,255,train
badd96385.jpg,4,32,0,1256,255,train
bae2c9821.jpg,5,421,144,1599,224,train
bae58dc36.jpg,3,1114,0,1137,222,train
bb01e08e4.jpg,5,0,22,1018,191,train
bb0b18744.jpg,5,931,0,1516,253,train
bb1977eed.jpg,4,147,153,432,255,train
bb1c6efac.jpg,5,440,0,1526,255,train
bb24cde95.jpg,5,32,1,630,255,train
bb2975da4.jpg,5,194,0,1438,255,train
bb3421ee8.jpg,2,792,0,830,255,train
bb352d01e.jpg,1,1113,107,1209,248,train
bb371f33d.jpg,5,63,0,1451,144,train
bb4e89121.jpg,3,803,0,1000,255,train
bb5d32d98.jpg,4,394,33,682,233,val
bb65f4269.jpg,4,84,0,212,255,train
bb6c5d50f.jpg,3,1144,0,1244,255,train
bb765d50c.jpg,6,1100,93,1207,255,val
bb765d50c.jpg,3,1,16,167,214,val
bb9bfedfd.jpg,4,3,2,880,248,train
bba274c50.jpg,5,329,1,1241,254,val
bba583ae1.jpg,4,457,196,615,255,train
bbae1c48a.jpg,5,802,0,1070,255,val
bbaeed54e.jpg,4,0,0,209,255,train
bbafbaab3.jpg,3,1361,0,1594,254,val
bbb96273d.jpg,5,198,0,863,255,train
bbc220ad9.jpg,3,63,0,106,255,train
bbc246c1b.jpg,2,918,45,931,186,train
bbc81b646.jpg,5,279,0,836,255,val
bbc81b646.jpg,4,1305,22,1599,245,val
bbcf45362.jpg,5,1090,39,1484,255,train
bbd1b8f11.jpg,3,802,0,998,255,val
bbd3d337f.jpg,1,245,74,275,114,train
bbde78fe1.jpg,1,345,0,446,184,train
bbea91022.jpg,3,1186,0,1223,250,train
bbebbd412.jpg,5,432,1,1001,255,train
bbec1ee47.jpg,5,246,0,1370,251,train
bbef58539.jpg,3,616,1,650,255,train
bbf8b7ad8.jpg,3,1130,102,1184,255,train
bbfdbc490.jpg,3,641,0,665,255,val
bbff17cbf.jpg,5,101,6,754,255,train
bc0071fd2.jpg,5,231,0,653,240,train
bc0071fd2.jpg,4,1157,1,1504,255,train
bc0a90164.jpg,4,0,7,139,219,train
bc136ed5c.jpg,5,133,25,856,169,train
bc23335bc.jpg,3,1076,22,1134,255,train
bc2756713.jpg,5,155,0,1560,255,train
bc395145e.jpg,3,463,30,881,107,train
bc3c8163e.jpg,5,280,93,1599,216,train
bc67d17de.jpg,3,1063,0,1179,255,train
bc72a7548.jpg,5,472,134,1125,254,train
bc73f75a5.jpg,6,1218,104,1276,244,train
bc751c15d.jpg,2,570,86,587,254,train
bc7ce8f4d.jpg,1,788,0,906,228,train
bc9e35c07.jpg,3,264,204,284,240,val
bca4ae758.jpg,6,1109,101,1440,243,train
bca9c5489.jpg,5,0,54,1477,198,train
bcb794eed.jpg,3,1206,53,1255,254,val
bcc4f678a.jpg,5,71,0,1598,255,val
bce091bac.jpg,4,1199,0,1599,193,val
bce9bf82d.jpg,5,282,0,1192,255,train
bceeb4256.jpg,5,2,0,1363,255,val
bcef3582e.jpg,3,64,0,320,244,train
bd01b8daf.jpg,5,537,0,1421,252,train
bd01b8daf.jpg,4,225,43,427,182,train
bd0e26062.jpg,3,651,5,671,247,train
bd1d00d38.jpg,3,864,1,882,255,train
bd1e7ea2d.jpg,6,1340,19,1421,210,train
bd343c6f7.jpg,3,1171,0,1205,252,train
bd4957b80.jpg,4,504,7,763,240,val
bd54aaaea.jpg,3,578,73,865,197,train
bd6298d4f.jpg,3,636,0,659,255,train
bd66a6e69.jpg,5,83,0,1094,255,train
bd70c4b99.jpg,5,3,0,1599,255,train
bd77f2c37.jpg,5,64,3,807,255,train
bd794618f.jpg,5,436,0,1001,255,val
bd8556ab8.jpg,6,436,117,1156,201,val
bd967bd29.jpg,3,1169,0,1211,87,val
bd967bd29.jpg,4,242,0,456,203,val
bd99469d2.jpg,5,59,2,1290,77,train
bdb24ff3b.jpg,3,655,0,673,254,train
bdb31300b.jpg,5,325,1,1204,255,train
bdb31300b.jpg,4,1236,109,1353,213,train
bdbf5535f.jpg,5,250,0,723,255,train
bdc4fe767.jpg,3,1401,149,1436,255,val
bdce84e23.jpg,3,1326,47,1393,119,train
bdd1c7fa8.jpg,3,1038,0,1225,255,train
bdd265724.jpg,5,152,0,1160,255,val
bde2a33eb.jpg,4,3,1,1332,253,train
bde6d9e50.jpg,3,1071,0,1115,255,train
bdee0e677.jpg,3,733,1,773,252,train
bdeee2086.jpg,3,1231,0,1272,255,val
bdfa2974d.jpg,3,653,1,674,255,train
bdff0aefc.jpg,3,186,0,214,254,train
be04fa57f.jpg,1,164,50,1110,183,train
be13b4853.jpg,3,1139,25,1329,253,train
be1e1cb10.jpg,1,179,0,1251,201,train
be1e3408f.jpg,5,272,1,680,255,train
be2216e98.jpg,3,1226,28,1377,244,val
be3b49756.jpg,5,32,3,1593,216,train
be3b49756.jpg,4,1062,2,1542,255,train
be4279ae1.jpg,5,59,0,485,255,train
be447691b.jpg,5,36,35,1186,203,train
be65d7bb7.jpg,5,120,0,1051,255,val
be6c49e45.jpg,5,156,68,923,255,train
bea606041.jpg,1,1304,8,1346,249,train
bea7ff137.jpg,3,1048,1,1063,255,val
bea834c94.jpg,5,26,0,1355,254,train
bea834c94.jpg,4,1201,116,1494,255,train
bebb35a5e.jpg,5,254,1,1364,252,train
bebb35a5e.jpg,4,984,13,1191,252,train
bec64003f.jpg,5,479,14,1331,255,train
bedfbcf7b.jpg,5,163,0,945,254,train
bee2f16b2.jpg,2,1499,1,1515,108,train
bf0c81db6.jpg,5,235,0,1350,255,train
bf0c81db6.jpg,4,1075,0,1300,255,train
bf24a03ac.jpg,3,1472,0,1523,144,train
bf295a8e9.jpg,3,896,11,1058,183,train
bf3431728.jpg,3,826,0,1043,255,train
bf3d21ec7.jpg,3,402,46,562,255,train
bf3db21e9.jpg,5,585,0,1598,255,val
bf49c40f4.jpg,3,1359,134,1391,179,train
bf5502c1c.jpg,3,1024,44,1061,217,train
bf5e1ed13.jpg,2,430,0,473,250,train
bf6be1910.jpg,3,1384,34,1582,153,train
bf740c1e2.jpg,5,362,0,1535,255,train
bf828b30d.jpg,3,0,50,100,197,train
bf828b30d.jpg,4,846,72,1327,225,train
bf83e7037.jpg,5,201,0,1124,255,val
bf96d0602.jpg,3,566,0,738,255,train
bf9b21859.jpg,3,472,42,508,234,train
bfa17327e.jpg,5,297,0,1478,255,train
bfa249587.jpg,3,694,0,712,255,val
bfaa6cae6.jpg,4,911,1,1313,158,train
bfab9345f.jpg,3,1440,42,1471,207,train
bfaf69bd5.jpg,3,964,0,1199,57,train
bfb064127.jpg,5,240,47,1244,159,val
bfc738650.jpg,4,610,2,983,250,train
bfc82bcbd.jpg,3,1187,0,1367,255,train
bfcffb683.jpg,5,581,123,1159,242,train
bfd24be30.jpg,1,175,0,1484,238,train
bfd24be30.jpg,5,23,132,714,255,train
bfd38637f.jpg,4,1308,106,1548,255,train
bfd56c3d2.jpg,3,1349,39,1405,255,train
bfd7ecfe9.jpg,5,1019,0,1277,254,train
bfd93cc8c.jpg,5,22,0,1156,255,train
bfe025097.jpg,3,302,32,326,255,train
bfe1815d5.jpg,6,184,1,430,254,val
bff6cdfad.jpg,2,467,0,500,224,val
bff6cdfad.jpg,3,1230,211,1299,255,val
bff7d63af.jpg,3,976,0,1095,255,val
c0065dcab.jpg,5,1300,0,1599,249,train
c01fd972f.jpg,3,261,0,381,255,train
c038c0588.jpg,5,513,0,1502,254,train
c048dbdc5.jpg,5,514,0,1598,255,train
c04ac576d.jpg,5,523,0,895,229,train
c04b0d160.jpg,3,528,131,567,173,val
c05799ac4.jpg,3,687,1,699,244,train
c057d7bc1.jpg,5,848,0,1212,255,train
c0598f956.jpg,3,786,0,804,127,train
c07b4a53e.jpg,3,1136,1,1321,254,train
c081bd8c5.jpg,5,219,0,1248,255,train
c084838d5.jpg,4,496,3,1263,255,train
c097a0af1.jpg,5,0,0,1599,239,train
c0be19adf.jpg,3,1187,0,1343,145,train
c0ceecd96.jpg,5,307,5,1570,255,val
c0d04c74f.jpg,3,1041,0,1245,254,val
c0dee2521.jpg,3,675,108,841,169,val
c0e34b64b.jpg,1,717,60,746,255,train
c0e730a68.jpg,3,639,0,657,153,train
c0eb3a086.jpg,2,459,136,471,255,train
c10467a1f.jpg,3,979,0,1099,233,val
c12842f5e.jpg,5,0,0,1540,232,train
c12bbdec9.jpg,3,928,0,951,255,train
c131d5030.jpg,5,0,3,1598,211,train
c135aedee.jpg,3,785,0,810,254,train
c1422b149.jpg,3,71,3,107,168,train
c14eabf41.jpg,1,795,96,834,125,train
c1583e292.jpg,5,683,0,1386,191,train
c15d5b333.jpg,1,1410,155,1439,255,train
c15deb6c0.jpg,3,519,0,722,255,train
c167117c8.jpg,3,1261,127,1407,255,train
c184f9f35.jpg,5,0,1,1597,255,train
c18e129a3.jpg,3,1055,0,1157,255,train
c199d741a.jpg,2,1464,0,1498,190,train
c1a90e9c8.jpg,5,596,0,1252,255,train
c1c3651cc.jpg,3,387,0,642,145,train
c1f0252de.jpg,3,742,1,764,255,val
c1f1011b0.jpg,4,862,0,974,146,train
c204673e4.jpg,3,1158,39,1312,249,train
c20989bd4.jpg,3,543,0,772,255,train
c20b32738.jpg,5,328,0,993,255,train
c210d2e08.jpg,2,871,0,925,255,train
c21edfb97.jpg,6,637,1,1492,237,train
c223d7b2e.jpg,5,788,46,1599,164,train
c22accc84.jpg,6,1300,0,1424,255,train
c22ead98c.jpg,3,1193,0,1219,240,train
c232eea0c.jpg,3,784,0,899,255,train
c23ef14ee.jpg,3,243,6,281,253,train
c248ca201.jpg,5,34,0,983,255,train
c24caa9be.jpg,5,476,0,1275,255,train
c24f45fd3.jpg,5,54,0,1356,255,train
c25e12747.jpg,5,192,77,640,255,val
c26912861.jpg,3,1265,39,1308,255,train
c26f7ab21.jpg,5,97,0,1599,255,train
c27075976.jpg,4,326,0,602,255,train
c2759d94e.jpg,1,917,1,964,255,train
c2760fc1a.jpg,5,303,0,1599,255,train
c2760fc1a.jpg,4,91,60,353,255,train
c27ce861d.jpg,5,684,32,1516,255,train
c293952c8.jpg,5,683,0,1367,255,train
c2a409a0b.jpg,5,1069,0,1599,255,train
c2acb1fd5.jpg,3,160,173,674,255,train
c2ad68694.jpg,3,1180,1,1329,242,train
c2afd0495.jpg,3,1152,23,1206,248,train
c2b446019.jpg,5,243,0,1002,255,train
c2bc67c36.jpg,3,1083,1,1094,255,val
c2bce72b1.jpg,3,1051,0,1185,223,train
c2d0a2e19.jpg,5,141,103,1189,255,train
c2eb19445.jpg,3,1085,4,1153,251,train
c30805f9e.jpg,3,673,7,694,254,train
c30efa47d.jpg,3,1096,76,1252,255,train
c314f43f3.jpg,3,514,0,538,182,train
c314f43f3.jpg,4,686,37,1142,255,train
c319a0d11.jpg,3,0,45,202,254,train
c319a0d11.jpg,4,359,0,1594,255,train
c3206fb3c.jpg,5,130,7,1591,237,train
c3206fb3c.jpg,4,403,2,494,102,train
c330ba942.jpg,1,710,5,764,88,train
c33296732.jpg,3,701,153,866,221,train
c33e20d0b.jpg,3,1035,6,1317,160,train
c3429572b.jpg,5,619,0,1526,255,train
c34bf9bec.jpg,2,474,0,493,223,val
c34f14586.jpg,5,356,2,1139,253,train
c34f14586.jpg,4,948,157,1089,253,train
c34fc79b6.jpg,3,1499,28,1560,255,train
c357d41a1.jpg,5,164,1,571,255,train
c35fa49e2.jpg,1,1450,1,1483,255,train
c35fa49e2.jpg,2,1487,0,1511,195,train
c37633c03.jpg,3,670,0,859,255,train
c389100a5.jpg,1,971,26,1215,142,train
c389100a5.jpg,3,551,105,568,133,train
c38e52b4a.jpg,3,1315,92,1364,192,val
c38f307dd.jpg,5,449,0,1005,255,train
c392baa9e.jpg,6,388,99,474,255,train
c3a1d6cd0.jpg,5,110,0,767,177,train
c3a2f51d0.jpg,5,355,34,1427,195,val
c3a93c97a.jpg,5,459,0,1130,255,train
c3bffce10.jpg,3,1093,1,1101,255,train
c3c091454.jpg,4,0,87,102,177,train
c3cae8972.jpg,5,111,0,1566,255,train
c3d7412a0.jpg,5,229,0,1050,255,train
c3dc05f58.jpg,3,1253,0,1327,246,val
c3ee7a878.jpg,1,1467,37,1487,255,train
c3ff1a7cd.jpg,5,0,0,1036,255,train
c3ff6937c.jpg,1,1374,1,1408,59,val
c404df4f4.jpg,5,54,18,1537,255,train
c40a05198.jpg,3,786,0,996,255,train
c42076330.jpg,3,1073,0,1243,141,train
c4370b942.jpg,5,525,33,1437,109,train
c4373a6ad.jpg,3,0,124,150,201,val
c44015e28.jpg,5,0,56,1598,250,train
c44784905.jpg,5,128,41,1111,255,train
c44784905.jpg,4,941,0,1503,249,train
c448a41ee.jpg,1,302,20,437,171,train
c448a41ee.jpg,3,443,101,1021,156,train
c44c93192.jpg,5,1274,0,1597,255,train
c45c92aa2.jpg,5,844,0,1426,255,train
c45da738a.jpg,5,869,2,1175,255,train
c46065903.jpg,4,899,6,1249,254,train
c46bd8459.jpg,5,378,0,1597,255,train
c487b1ce1.jpg,5,155,16,1599,228,train
c495e234e.jpg,5,511,5,1185,255,train
c49d3da1b.jpg,3,178,117,293,175,train
c49d3da1b.jpg,4,691,2,1408,255,train
c4a074066.jpg,5,541,1,1449,255,train
c4aeca424.jpg,3,942,0,1084,255,train
c4c5b8e2a.jpg,3,1456,1,1470,255,train
c4d0af8e1.jpg,5,433,1,1136,255,val
c4d13072d.jpg,1,115,1,546,255,val
c4d5657bc.jpg,5,0,176,1597,235,train
c4dc92ef9.jpg,5,952,2,1597,255,train
c4dc92ef9.jpg,4,996,24,1449,188,train
c4f5ebbb2.jpg,4,897,36,1363,233,val
c5054fd93.jpg,5,429,0,1130,255,train
c51011137.jpg,3,1162,2,1354,123,train
c515ddabf.jpg,5,541,2,1592,251,train
c51fb3d88.jpg,3,1026,0,1235,255,train
c53423923.jpg,5,61,0,1458,255,train
c539c7336.jpg,5,241,0,1403,255,train
c543e902b.jpg,5,0,0,1418,255,val
c54db71af.jpg,4,91,0,876,255,val
c55802a79.jpg,3,1214,19,1263,148,train
c5615e977.jpg,3,496,208,528,237,train
c56baaa61.jpg,5,0,0,1599,255,train
c56e3ffcb.jpg,3,42,0,84,229,train
c571c7c32.jpg,1,1394,78,1433,116,train
c57607580.jpg,3,80,1,195,255,train
c579d8413.jpg,3,417,1,473,255,train
c59b8a59a.jpg,4,706,79,1142,253,train
c59c7f789.jpg,4,409,40,1515,255,train
c5a2172a9.jpg,1,671,127,690,246,train
c5a41d53c.jpg,3,175,3,252,253,val
c5a43f4e1.jpg,3,1245,2,1419,250,train
c5a65a795.jpg,3,1165,0,1312,255,train
c5af9872c.jpg,5,204,0,1185,255,val
c5b08d4e3.jpg,3,1283,92,1324,239,train
c5b08d4e3.jpg,4,532,27,1079,255,train
c5b9dccf7.jpg,5,0,1,1390,255,val
c5cd270f2.jpg,4,1155,0,1400,255,train
c5da9e8c7.jpg,4,796,7,922,167,train
c5dbdf433.jpg,5,676,0,1599,249,train
c5e2b8fff.jpg,3,1164,0,1225,112,train
c5e69fd8f.jpg,3,1338,52,1599,255,train
c5ee627e2.jpg,3,1178,59,1328,250,val
c5f88471b.jpg,1,701,53,752,125,train
c5fa2923b.jpg,3,894,139,929,211,train
c60002bcd.jpg,3,652,1,672,255,train
c60f92f8b.jpg,3,1036,1,1042,255,train
c62ca3c1f.jpg,6,86,22,1256,246,val
c62ca3c1f.jpg,3,1420,142,1522,204,val
c62da61d8.jpg,3,699,1,737,255,val
c63388081.jpg,5,512,97,1419,255,train
c63388081.jpg,4,1197,6,1255,255,train
c635aeb23.jpg,4,182,0,891,235,train
c63e60886.jpg,1,806,0,967,255,val
c63e60886.jpg,3,528,101,1171,181,val
c646462b5.jpg,3,923,85,972,249,val
c646462b5.jpg,4,729,10,1401,221,val
c6510fb5a.jpg,5,662,0,1398,255,val
c65471f28.jpg,5,465,23,1178,255,val
c66ba3e27.jpg,3,42,1,244,255,train
c67e243c8.jpg,1,247,0,293,255,train
c683195bf.jpg,3,1055,0,1300,254,val
c6842bd61.jpg,3,1374,1,1384,254,val
c686055be.jpg,5,291,0,1189,255,train
c6a29f8f0.jpg,3,685,0,708,255,train
c6afe1599.jpg,3,233,208,445,255,train
c6cac1cac.jpg,3,1056,33,1128,255,val
c6cb040ad.jpg,3,847,0,875,255,train
c6d3371a8.jpg,1,867,123,998,248,train
c6e9a9d66.jpg,3,313,152,837,255,train
c6f74537e.jpg,5,969,0,1271,254,train
c6f7fe1d2.jpg,5,392,0,1256,255,train
c6faa8c55.jpg,5,528,0,1403,255,train
c704ec6ca.jpg,5,2,0,744,252,train
c70702ea2.jpg,4,134,0,1599,255,train
c71558eac.jpg,1,1,0,1128,255,train
c720250a2.jpg,2,510,28,536,255,train
c7423a8c8.jpg,3,579,103,646,248,train
c746f473d.jpg,5,67,0,1574,255,train
c74abe00a.jpg,5,731,0,1240,255,train
c75e6bd36.jpg,2,539,89,556,255,train
c7755caf9.jpg,5,723,112,1574,255,train
c78f55508.jpg,3,817,0,1013,255,val
c79086497.jpg,5,173,29,1127,202,train
c795455ba.jpg,3,733,1,748,209,val
c7a4a7472.jpg,4,0,1,394,148,val
c7a7f24d9.jpg,4,605,1,1175,253,train
c7adf7112.jpg,5,322,94,1354,200,train
c7aeb9c82.jpg,3,1062,150,1300,250,val
c7aeb9c82.jpg,4,116,1,1598,171,val
c7af743ef.jpg,5,5,53,1448,255,train
c7b41dbf4.jpg,3,1344,23,1439,253,val
c7b41dbf4.jpg,4,1147,45,1352,215,val
c7b88e40a.jpg,6,1126,14,1147,255,train
c7c8c2424.jpg,5,1093,1,1470,255,val
c7d002c29.jpg,3,0,30,282,186,val
c7edb8625.jpg,5,2,85,871,255,train
c7f93d8bd.jpg,3,1101,38,1374,252,train
c7fb9db8c.jpg,1,776,178,812,239,train
c7fe435c0.jpg,2,1440,138,1454,236,train
c802d3e11.jpg,5,18,0,1029,255,train
c804959b3.jpg,5,150,0,1560,255,train
c80be4ee4.jpg,5,429,3,1132,255,train
c80f387aa.jpg,5,164,89,885,255,val
c811d489f.jpg,5,196,0,1449,255,train
c81c30ca0.jpg,5,13,63,1525,255,train
c8216657a.jpg,5,567,1,831,255,train
c828ece4b.jpg,5,952,3,1340,252,train
c83361e9d.jpg,2,452,0,499,171,train
c83a2e190.jpg,5,683,0,1394,254,train
c83b606d1.jpg,6,1004,5,1029,255,train
c84c64ac0.jpg,5,643,1,1421,250,train
c85251430.jpg,3,634,2,656,252,train
c85960383.jpg,5,63,44,1529,255,val
c85ed5c64.jpg,5,739,0,1158,255,train
c873d7724.jpg,5,0,0,1583,255,train
c878411d7.jpg,3,1382,0,1411,255,train
c87ca8539.jpg,3,703,2,725,254,val
c88590b3f.jpg,4,259,3,659,248,train
c89490346.jpg,5,729,0,1263,255,train
c89e96115.jpg,3,1214,122,1599,253,train
c8a9ae149.jpg,5,863,0,1207,255,train
c8b9415d1.jpg,5,107,0,1584,254,train
c8c0e5b9d.jpg,5,625,0,1085,255,train
c8de313f6.jpg,3,655,13,726,58,val
c8e26e892.jpg,3,1446,0,1470,254,train
c8e4b3a1e.jpg,5,340,1,725,255,train
c8ed5e8ab.jpg,5,22,0,1127,255,train
c9091a2ef.jpg,5,431,52,1367,255,train
c9091ca20.jpg,3,175,123,601,196,train
c916658f1.jpg,5,157,0,1238,255,train
c9215fb7a.jpg,5,496,0,1191,255,train
c924ce298.jpg,4,102,37,657,254,train
c927281da.jpg,3,400,124,448,223,train
c9358e43f.jpg,5,201,0,1028,255,train
c9415c620.jpg,3,833,0,1031,255,train
c94629328.jpg,4,57,5,1241,255,train
c94bd179c.jpg,3,146,151,551,255,train
c94f78afa.jpg,3,1117,64,1137,124,train
c95db6975.jpg,5,678,0,1344,250,train
c970d2407.jpg,4,163,0,522,255,train
c98404d89.jpg,2,442,12,465,227,train
c98702129.jpg,5,676,0,1339,255,train
c98702129.jpg,4,0,2,208,93,train
c987a8155.jpg,3,294,178,1180,214,train
c992477d4.jpg,6,177,0,460,253,val
c992477d4.jpg,3,210,114,275,211,val
c99ef85c9.jpg,3,657,0,850,255,train
c9a42a79e.jpg,3,456,1,483,255,train
c9ae4cb29.jpg,5,15,0,845,251,train
c9ae4cb29.jpg,4,356,0,1070,242,train
c9c1384be.jpg,3,631,198,789,255,train
c9c7d9ddb.jpg,3,906,62,1004,169,train
c9cd221c5.jpg,5,145,0,822,255,train
c9d24ef83.jpg,3,1152,1,1335,254,train
c9d2f6b05.jpg,5,515,0,1087,255,train
c9e0634d0.jpg,4,0,23,1543,254,train
c9f73af1b.jpg,3,158,91,194,136,train
c9fb9abd9.jpg,3,1027,11,1102,255,train
ca02e9e92.jpg,5,972,0,1397,255,train
ca3f209ad.jpg,5,51,0,326,254,train
ca4309568.jpg,5,0,15,428,255,train
ca492d6f1.jpg,5,602,0,1398,255,train
ca520c90f.jpg,4,725,36,1286,255,train
ca5709ed8.jpg,3,316,0,467,255,train
ca609ece8.jpg,3,829,1,854,255,val
ca65e7cbe.jpg,3,1216,0,1281,255,train
ca6b5420f.jpg,5,896,0,1379,255,train
ca82d646f.jpg,3,1318,0,1348,255,train
ca850ca04.jpg,5,938,0,1507,255,train
ca9d7749b.jpg,5,145,0,1286,255,train
caab1635c.jpg,5,584,33,1158,231,train
caad490a5.jpg,5,232,0,596,255,train
cac001c04.jpg,3,631,2,647,252,val
cac09c825.jpg,5,507,0,1222,255,train
cacd251d2.jpg,3,1060,0,1128,255,train
cadf3a94f.jpg,3,63,1,606,103,train
caead5f75.jpg,3,367,0,384,209,train
caf1289d0.jpg,5,225,0,993,255,train
caf49d870.jpg,1,1479,2,1535,161,train
caf49d870.jpg,2,1477,155,1502,243,train
caf83e426.jpg,5,448,0,1007,255,val
cb094c2cb.jpg,3,1145,0,1237,255,train
cb0ac6c6f.jpg,3,705,1,741,55,train
cb0ac6c6f.jpg,4,1359,0,1495,162,train
cb2dee2dd.jpg,5,270,3,1063,255,val
cb37fc190.jpg,5,186,0,785,255,val
cb383b2f7.jpg,1,119,143,1135,243,train
cb43d7be5.jpg,3,853,0,1050,255,train
cb4d72e56.jpg,6,343,0,361,153,train
cb4d72e56.jpg,3,666,36,841,102,train
cb53b96ce.jpg,4,836,0,1079,79,train
cb6fa8f89.jpg,5,4,0,549,255,train
cb7a45fa6.jpg,3,1125,0,1344,255,train
cb7c34c05.jpg,1,263,0,1180,225,train
cb933c3e8.jpg,5,68,3,1399,252,train
cb933c3e8.jpg,4,1139,0,1358,164,train
cb93f342e.jpg,5,427,2,1392,250,train
cb93f342e.jpg,4,659,189,747,251,train
cb95ba6d9.jpg,3,645,116,812,178,train
cb9c3d622.jpg,4,1430,7,1552,246,val
cb9e7a337.jpg,3,1191,0,1347,125,val
cb9fe5699.jpg,5,189,0,634,212,train
cba39a205.jpg,5,185,0,1523,183,train
cbb659739.jpg,6,730,44,754,119,train
cbba0f365.jpg,1,1104,0,1140,78,train
cbbe86379.jpg,1,396,0,1258,252,val
cbc2172be.jpg,3,3,1,252,254,val
cbc2f9676.jpg,3,1038,0,1207,255,train
cbc860446.jpg,4,0,7,134,111,val
cbcd45716.jpg,5,107,0,1035,255,val
cbd27127f.jpg,3,1060,0,1304,255,val
cbd4afcc0.jpg,3,1305,105,1335,252,val
cbdb0828d.jpg,6,468,54,496,172,val
cbe07eb15.jpg,5,230,0,992,255,train
cbfeaed02.jpg,4,262,3,691,243,val
cc02b6f5a.jpg,1,169,13,382,230,train
cc0bf97cf.jpg,5,661,0,1443,255,train
cc21f2f40.jpg,4,1315,1,1597,229,train
cc3b99f17.jpg,1,229,52,1162,254,train
cc5401a6a.jpg,4,443,1,898,253,val
cc59639b2.jpg,5,1035,0,1419,255,val
cc59639b2.jpg,4,0,65,595,255,val
cc5bae861.jpg,1,371,92,477,254,val
cc61104ff.jpg,3,1,0,431,68,val
cc69501eb.jpg,5,554,0,1284,255,train
cc73c4765.jpg,3,1240,63,1295,142,train
cc7920c72.jpg,5,131,0,1511,154,train
cc7c66720.jpg,4,315,0,843,255,train
cc8f6ee56.jpg,5,491,187,1454,255,train
cc9006402.jpg,5,790,0,1525,255,train
cc93ff156.jpg,5,36,1,912,255,train
cc9e159dd.jpg,5,271,19,1349,253,train
ccbd751f2.jpg,3,969,133,1019,224,train
ccbeeb18a.jpg,2,472,44,500,255,val
ccd0ad960.jpg,3,1168,0,1373,244,train
ccd94dc85.jpg,3,1233,0,1422,255,train
ccf39a604.jpg,3,1184,1,1223,255,train
cd04164a0.jpg,1,716,7,740,255,train
cd0c2417f.jpg,1,13,37,798,242,train
cd14c73db.jpg,1,314,0,506,255,train
cd14c73db.jpg,3,952,33,1125,105,train
cd1f8d368.jpg,2,508,0,526,204,train
cd23a468a.jpg,3,1267,0,1461,255,val
cd23d4841.jpg,4,1185,0,1409,84,train
cd316b37e.jpg,5,502,0,1424,255,train
cd3b9899c.jpg,6,1280,64,1538,255,val
cd465dc7d.jpg,3,1029,0,1127,255,val
cd475d2a3.jpg,5,0,0,1599,255,train
cd4bd2cca.jpg,3,1040,0,1218,255,val
cd4cd2c97.jpg,3,1337,20,1383,230,train
cd52bfb5a.jpg,3,651,2,682,255,train
cd59b3ff5.jpg,3,1202,16,1298,252,train
cd5b14850.jpg,1,1464,118,1475,133,val
cd5b14850.jpg,2,1464,158,1479,242,val
cd634f053.jpg,5,683,1,1205,255,train
cd6365314.jpg,5,528,0,1526,255,train
cd64c39a7.jpg,1,478,0,1415,196,train
cd662eda7.jpg,5,453,0,1577,255,train
cd7d4933e.jpg,4,463,6,1258,249,train
cd7d5af6d.jpg,5,319,0,1527,255,train
cd835f121.jpg,3,732,0,775,191,train
cd8c479c1.jpg,5,196,0,1393,255,train
cd940e191.jpg,3,1165,1,1208,253,train
cdaceb274.jpg,3,524,51,564,104,train
cdb3a875b.jpg,5,342,1,1131,255,train
cdb6b6c23.jpg,3,373,0,412,244,train
cdb6b6c23.jpg,4,1136,0,1476,248,train
cdbbb1967.jpg,5,17,0,279,255,train
cdbc4d8ec.jpg,5,461,0,1522,255,train
cdbc80c3d.jpg,1,260,26,281,239,train
cdbc80c3d.jpg,3,384,42,432,241,train
cdc267505.jpg,2,422,66,439,255,train
cdd3113af.jpg,5,402,0,953,255,train
cdd6cac95.jpg,5,0,63,1505,255,train
cdef07364.jpg,6,426,73,1152,255,val
cdf523bf0.jpg,5,0,0,1599,255,train
cdf669a1f.jpg,4,1211,112,1479,252,train
ce02060b9.jpg,4,154,122,280,254,train
ce02c322e.jpg,4,295,0,1321,255,train
ce05c2c3f.jpg,3,1032,0,1192,255,train
ce0b7102f.jpg,1,622,1,636,190,val
ce11ffd78.jpg,5,442,0,1426,255,train
ce13a3739.jpg,6,312,23,1364,244,train
ce22cd852.jpg,5,158,2,1225,181,val
ce2da8536.jpg,5,0,26,1028,255,train
ce32285f5.jpg,3,659,0,684,254,train
ce34adc8c.jpg,5,610,0,953,255,train
ce3818dfd.jpg,5,392,0,1254,204,train
ce42693fb.jpg,3,6,1,1598,40,train
ce43bdd06.jpg,5,1,107,713,236,train
ce44910a4.jpg,3,558,173,731,234,train
ce4d5f713.jpg,5,564,0,1124,255,train
ce54cb872.jpg,3,1223,110,1376,255,train
ce58cf8e1.jpg,5,966,21,1594,180,train
ce5f0cec3.jpg,5,678,2,1358,255,train
ce68af0bf.jpg,3,867,0,1042,255,train
ce71311e1.jpg,5,498,0,1326,238,val
ce72a126f.jpg,4,2,91,374,252,val
ce7570214.jpg,4,472,1,1540,254,train
ce7b7ac0b.jpg,2,482,0,513,252,train
ce8da6d72.jpg,1,1385,176,1419,219,train
ce93931e9.jpg,3,1024,46,1087,255,train
cea2ea962.jpg,4,686,36,865,168,val
ceab96202.jpg,3,72,36,122,234,train
ceba9dc16.jpg,5,199,0,992,255,val
ceba9dc16.jpg,4,1487,195,1599,255,val
cecab5a39.jpg,5,11,0,430,255,val
ceccb1eef.jpg,1,1411,0,1543,255,train
ced4439da.jpg,3,1091,34,1104,255,train
ced626afb.jpg,5,504,0,1306,255,val
cede14189.jpg,5,422,0,986,255,train
cee5fab38.jpg,6,149,56,410,255,train
cee6f5bec.jpg,3,795,11,877,197,train
cef371355.jpg,3,680,0,703,253,train
cef5ff47d.jpg,2,969,67,987,222,val
cefbcc992.jpg,1,337,2,1208,253,train
cf0641053.jpg,5,493,1,893,179,val
cf0641053.jpg,4,165,126,360,254,val
cf06584db.jpg,1,957,0,986,35,train
cf1152c44.jpg,5,692,0,1364,255,train
cf1f3345c.jpg,5,460,0,1461,255,train
cf29a866a.jpg,5,1,51,1060,198,train
cf4008024.jpg,5,546,0,1208,255,train
cf48232c6.jpg,5,184,0,1429,255,val
cf48232c6.jpg,4,345,0,1398,255,val
cf5231a23.jpg,3,1217,33,1441,80,train
cf5e8eb2c.jpg,3,1156,13,1250,253,val
cf7dbc448.jpg,3,234,0,501,223,train
cf853b06f.jpg,5,881,0,1188,255,val
cf8e21964.jpg,3,625,180,789,244,val
cfe40128c.jpg,3,688,120,862,178,train
cfeaf9434.jpg,5,295,0,1558,255,train
cfed66579.jpg,5,42,0,1488,253,train
cfedba84c.jpg,5,108,0,894,252,train
cff20dde9.jpg,3,164,1,182,255,train
cff387e60.jpg,3,401,117,675,250,val
cff9230ae.jpg,5,188,0,1233,255,train
cffc0e85b.jpg,3,1322,81,1334,171,train
d000d7ef5.jpg,3,1402,0,1426,255,train
d002b93da.jpg,5,282,0,1189,255,train
d01d3e444.jpg,2,454,11,475,255,train
d02f1b229.jpg,3,1199,5,1433,253,val
d0328c686.jpg,5,128,11,745,255,train
d03dd68d9.jpg,3,1291,0,1442,246,val
d048a5a71.jpg,1,381,5,543,231,train
d04e02d1f.jpg,4,745,93,1147,255,train
d0577e299.jpg,3,181,0,241,240,val
d0578ca87.jpg,3,1319,1,1534,255,train
d06052fa8.jpg,3,470,13,537,93,train
d07afd5bf.jpg,6,324,0,511,230,train
d0a0b9951.jpg,3,895,46,1396,100,val
d0a4de7c8.jpg,3,1074,26,1090,255,val
d0a956f92.jpg,1,210,29,376,221,train
d0a956f92.jpg,5,387,47,1414,255,train
d0b234faa.jpg,4,0,3,175,253,train
d0ba35b7f.jpg,6,1331,173,1353,207,val
d0befd683.jpg,1,742,132,766,175,train
d0cf465a8.jpg,6,762,88,821,152,train
d0d0e589a.jpg,5,582,0,1119,255,train
d0d818b7d.jpg,2,875,63,894,255,train
d0fb25531.jpg,5,0,0,958,255,val
d1023fa39.jpg,5,0,93,1230,255,train
d10c885f3.jpg,6,1406,69,1456,214,train
d11130898.jpg,3,372,186,462,254,train
d11f3fd35.jpg,3,960,96,1016,255,train
d1202c95e.jpg,5,683,1,1396,255,val
d127abcc8.jpg,3,978,0,1212,255,val
d129fe51e.jpg,3,555,0,691,255,train
d12cfc50a.jpg,3,469,0,561,92,train
d13688eac.jpg,5,671,0,966,255,train
d14c9c6e6.jpg,3,1146,0,1165,255,val
d15823291.jpg,5,854,0,1356,255,val
d160b5de3.jpg,5,451,0,1523,255,val
d169e1b81.jpg,4,52,1,1566,254,train
d178d246a.jpg,3,384,0,984,95,train
d178f1c42.jpg,5,448,0,1211,254,train
d1886af80.jpg,3,862,217,883,254,train
d18bec611.jpg,5,693,0,980,255,train
d1a618e4f.jpg,5,137,0,506,255,train
d1a774781.jpg,3,1155,0,1383,255,train
d1aaada08.jpg,1,715,2,752,117,train
d1bc386ce.jpg,5,0,151,1599,234,train
d1cd969d5.jpg,3,1201,80,1352,253,val
d1cea465b.jpg,6,1291,54,1332,134,val
d1dc95b58.jpg,3,813,207,1426,255,val
d1dd9098c.jpg,5,696,0,1200,233,val
d1e1bf13e.jpg,1,128,5,1557,240,train
d1e9e969f.jpg,3,781,0,998,234,train
d1ed49385.jpg,3,1543,2,1583,254,train
d1fdc8367.jpg,3,523,0,540,255,val
d1fedf96b.jpg,3,109,0,303,227,val
d1fedf96b.jpg,4,1060,0,1599,160,val
d201f7d4b.jpg,3,1531,203,1577,255,train
d20bb7f7b.jpg,5,0,140,732,255,val
d21be4a4b.jpg,5,862,0,1457,255,train
d21be4a4b.jpg,4,525,5,759,255,train
d2291de5c.jpg,1,577,208,604,255,train
d2291de5c.jpg,2,590,0,612,255,train
d238605c1.jpg,2,503,48,526,255,train
d239a83c4.jpg,3,842,0,1128,70,train
d23a1bdc9.jpg,3,452,51,502,93,val
d23d243cc.jpg,5,2,146,1597,255,train
d2454fd68.jpg,1,1379,193,1429,255,train
d245c4e7f.jpg,1,274,53,365,250,val
d246ea324.jpg,3,1059,0,1220,255,train
d25356a51.jpg,5,458,0,1518,255,train
d25a11fdd.jpg,5,563,13,905,255,train
d2670190d.jpg,3,776,4,984,104,train
d267355be.jpg,5,43,0,968,255,train
d26ead1d8.jpg,6,54,0,83,148,train
d26ead1d8.jpg,2,99,0,110,255,train
d283f3744.jpg,5,380,52,1534,193,val
d291f8de6.jpg,5,191,0,1415,140,train
d2938b2af.jpg,3,1056,0,1229,255,train
d2945fc9f.jpg,4,2,0,1435,253,train
d2a854e69.jpg,1,40,0,1405,255,train
d2bbde0a4.jpg,5,67,0,970,255,train
d2bf41a92.jpg,4,249,96,1108,255,train
d2c14891a.jpg,3,1116,1,1333,221,train
d2f07a8db.jpg,1,72,81,1161,218,train
d2fd4e0d5.jpg,1,54,5,1464,235,train
d3053d477.jpg,5,288,1,1282,255,train
d30ad2e83.jpg,6,293,145,356,213,train
d31e0200c.jpg,1,723,96,752,161,train
d32cc0a14.jpg,5,203,0,1125,255,train
d32f48999.jpg,3,1033,0,1130,255,val
d335a12b1.jpg,3,167,1,447,229,val
d335a12b1.jpg,4,849,124,1139,255,val
d3369b607.jpg,3,814,0,1014,255,train
d35fb7129.jpg,6,711,136,730,250,train
d36df54f6.jpg,5,535,0,1557,255,train
d377de6cc.jpg,3,1166,41,1334,244,train
d37c88411.jpg,5,322,10,1396,255,train
d37fb426f.jpg,3,299,110,343,200,train
d37fb426f.jpg,4,944,1,1356,239,train
d38a0784b.jpg,1,723,41,749,101,train
d3993f134.jpg,5,0,0,1597,255,train
d3b2a00de.jpg,4,253,38,324,245,train
d3d2df811.jpg,5,77,0,570,240,train
d3d6d9b6a.jpg,3,654,1,842,255,train
d3e44d1b4.jpg,5,594,0,1095,255,train
d3ef0c943.jpg,3,722,1,935,255,train
d3ef4bac1.jpg,2,1478,117,1510,255,train
d407563d4.jpg,5,54,0,1201,255,train
d41b69a83.jpg,3,931,78,966,147,val
d422920e3.jpg,1,363,24,1274,115,train
d426f0d76.jpg,5,596,0,947,255,train
d4387afd3.jpg,3,1071,3,1085,255,train
d43c06a93.jpg,4,3,41,86,219,train
d44663f51.jpg,3,162,2,201,255,train
d44db82d2.jpg,3,881,0,1014,255,train
d46866225.jpg,5,353,0,1328,255,train
d47dfa0e4.jpg,3,313,0,461,255,val
d48178eaa.jpg,5,198,0,1371,255,train
d482f0159.jpg,4,473,2,1598,253,val
d490180a3.jpg,6,1378,20,1419,191,train
d4935dbfe.jpg,5,165,0,1007,255,train
d497baf53.jpg,5,0,14,1598,238,val
d4aeee4c8.jpg,5,210,0,1144,255,train
d4af6d206.jpg,3,686,43,713,255,train
d4c0b4c3b.jpg,5,778,0,1128,218,train
d4c8f8461.jpg,3,692,1,717,253,train
d4ce2a21d.jpg,5,412,0,1164,255,train
d4da4dc47.jpg,5,101,0,1210,255,train
d4e26768d.jpg,3,1552,0,1598,115,val
d4e66ad89.jpg,3,1055,2,1103,251,train
d4f486ee1.jpg,3,620,0,797,180,train
d50164a40.jpg,5,386,0,1479,255,train
d51a45df9.jpg,5,69,12,468,237,train
d51ea5c21.jpg,5,49,0,1584,255,train
d52b35e0e.jpg,3,881,0,1075,255,val
d5345c3da.jpg,3,161,164,199,255,train
d5353adfc.jpg,5,1,67,861,206,train
d535c41bf.jpg,5,265,0,1385,255,train
d5425f5f5.jpg,3,481,0,544,201,train
d55dd8719.jpg,3,1131,0,1157,255,train
d56eec590.jpg,3,99,1,255,255,train
d571030d2.jpg,5,604,0,1208,255,train
d572dc596.jpg,3,402,40,442,254,train
d57629343.jpg,3,379,0,443,255,train
d57873aaa.jpg,5,7,0,1172,255,train
d57873aaa.jpg,4,538,0,1338,255,train
d588537b9.jpg,5,858,0,1198,255,train
d58a16a93.jpg,5,496,0,1181,255,train
d58b336d8.jpg,4,561,64,704,192,train
d598af62f.jpg,3,667,0,864,254,train
d59b4476a.jpg,1,1333,1,1363,255,val
d5a1067a2.jpg,1,1294,2,1334,87,val
d5a8b7ba4.jpg,4,730,116,1598,208,val
d5b2ba152.jpg,5,505,2,1204,255,train
d5b37beb7.jpg,6,727,113,749,239,train
d5bdfa378.jpg,3,418,1,573,255,train
d5cf4a417.jpg,5,366,1,805,255,train
d5d024e03.jpg,3,1160,1,1351,255,train
d5d900def.jpg,4,1158,56,1335,162,val
d5e8af85b.jpg,1,900,0,929,255,train
d5f4e7481.jpg,5,1014,0,1287,255,train
d5f7cde8a.jpg,5,31,0,1583,255,train
d5ff65cd6.jpg,6,779,211,815,255,val
d60ae28dc.jpg,3,1157,0,1342,249,train
d6102d7d2.jpg,3,836,162,939,206,train
d614b65db.jpg,5,660,0,1128,255,train
d61dca6c7.jpg,3,1188,0,1371,255,val
d62c3879c.jpg,3,286,0,311,190,val
d62e553a8.jpg,5,44,26,977,255,train
d636cbd42.jpg,4,3,1,1598,194,val
d6505b987.jpg,5,0,40,1599,221,train
d652c9109.jpg,3,669,1,945,136,val
d65ad4cfa.jpg,6,667,0,1318,255,train
d65b30b32.jpg,5,0,82,1502,252,train
d65fc70b5.jpg,5,855,0,1124,255,train
d665abf9d.jpg,5,91,0,1269,255,train
d6674b01e.jpg,5,916,0,1343,255,train
d66e4eb3f.jpg,5,0,45,1345,255,train
d67745c5b.jpg,2,424,0,458,241,train
d6777d642.jpg,4,0,15,519,252,train
d67f4b258.jpg,3,866,0,1082,255,train
d68320987.jpg,1,1421,105,1458,194,train
d68320987.jpg,2,1455,21,1474,255,train
d685dc83f.jpg,4,394,4,741,191,train
d68b1117c.jpg,4,3,22,1066,152,train
d68f45dc5.jpg,3,199,1,227,255,train
d69cd7557.jpg,1,736,55,835,252,train
d6a450631.jpg,3,1171,0,1357,255,train
d6b6434e5.jpg,3,842,1,930,255,train
d6be92c8c.jpg,5,206,106,978,255,train
d6c91e8e7.jpg,3,616,118,760,255,train
d6d2ca6e1.jpg,2,1480,0,1510,255,train
d6d2ca6e1.jpg,3,1391,0,1456,255,train
d6d3224d2.jpg,3,50,0,119,255,train
d6d71b8ec.jpg,5,121,34,687,204,train
d6dab923a.jpg,5,0,2,862,253,train
d6ef360e3.jpg,5,853,2,1162,255,val
d6ef360e3.jpg,4,0,0,139,83,val
d6f5d9247.jpg,5,439,0,950,255,train
d6ff87222.jpg,4,17,4,1133,197,train
d70100be8.jpg,1,551,125,582,182,val
d70e75dca.jpg,1,761,89,791,155,train
d71e73d6f.jpg,3,595,158,655,227,train
d72037f3c.jpg,5,381,3,1376,254,train
d7221e8ce.jpg,1,202,41,1589,254,train
d73e9b13b.jpg,3,1222,61,1375,255,val
d74442547.jpg,5,186,16,996,255,train
d74c7c967.jpg,5,177,0,821,236,train
d75725fc3.jpg,2,865,21,892,198,train
d75a84b44.jpg,5,829,24,1594,171,train
d7608fbdb.jpg,1,1369,27,1389,177,train
d762461d5.jpg,5,0,194,1491,255,train
d7686d307.jpg,5,190,124,1427,183,train
d773ff10c.jpg,3,1157,3,1177,255,val
d7749f865.jpg,5,27,0,1363,244,train
d7749f865.jpg,4,298,0,1542,255,train
d77e9ff45.jpg,4,1104,2,1256,126,train
d78e97810.jpg,3,1266,48,1339,255,train
d79e948c4.jpg,1,1353,3,1414,196,val
d7a43c6f6.jpg,5,3,0,1194,255,val
d7a6b31ea.jpg,5,182,0,1422,249,train
d7a6b31ea.jpg,4,1,0,889,255,train
d7a966551.jpg,3,1082,1,1100,252,val
d7ae2c9be.jpg,3,1344,81,1368,255,train
d7b0f2130.jpg,3,1015,0,1245,255,train
d7c2c6ba8.jpg,3,590,202,962,255,train
d7c560ed5.jpg,5,306,0,1180,255,train
d7dba3a05.jpg,5,767,0,1041,255,train
d7e3d3784.jpg,5,825,0,1173,255,train
d7e693160.jpg,4,9,7,889,243,train
d7eb453fe.jpg,1,699,29,755,198,val
d802b10c5.jpg,5,525,0,1127,255,train
d806c4bd6.jpg,6,768,75,817,239,train
d80d59653.jpg,4,276,0,1594,217,train
d812de018.jpg,3,1208,42,1399,253,val
d81eb8a93.jpg,5,122,0,984,255,train
d81f90b35.jpg,3,1151,3,1175,253,val
d8254a8ee.jpg,5,4,0,1082,255,val
d8255f13a.jpg,1,1327,77,1364,128,train
d846db3b6.jpg,5,110,49,484,227,val
d849d7a48.jpg,3,891,0,1055,255,train
d84ad849e.jpg,1,1406,3,1444,222,train
d85f94a97.jpg,3,420,58,502,156,train
d860da430.jpg,3,1070,1,1245,250,train
d86727f32.jpg,5,469,0,1567,255,train
d869026cd.jpg,3,185,0,237,198,train
d869026cd.jpg,4,796,0,945,73,train
d8978ca15.jpg,3,1160,2,1392,252,train
d89d52e53.jpg,1,195,0,469,255,train
d8a7f9cab.jpg,4,915,18,953,204,train
d8a8fed32.jpg,5,578,89,1262,255,train
d8aeec2d5.jpg,3,1009,0,1055,255,train
d8aeec2d5.jpg,4,504,0,831,153,train
d8b6334f7.jpg,5,467,0,1106,255,train
d8d851749.jpg,3,749,1,775,251,train
d8dbdc59e.jpg,4,37,80,444,255,train
d8e21a2ae.jpg,3,847,1,1060,255,train
d8f5a6706.jpg,5,296,0,1543,255,train
d8f5a6706.jpg,4,478,0,712,153,train
d9077b7f2.jpg,1,1419,0,1449,109,train
d9145f0fb.jpg,3,3,0,110,73,train
d9378a0a0.jpg,5,712,0,1274,255,train
d94082fe6.jpg,5,5,14,1594,255,train
d94942d60.jpg,5,890,0,1197,255,train
d95598b3a.jpg,5,605,0,1538,255,train
d95c9d342.jpg,1,1359,74,1394,184,train
d96428a9e.jpg,3,591,0,781,50,train
d96baa2ce.jpg,5,0,149,674,255,train
d96c0e264.jpg,4,1275,193,1448,255,train
d97933f5f.jpg,5,1092,0,1381,255,train
d98664198.jpg,2,406,2,495,255,val
d98664198.jpg,3,1182,75,1555,236,val
d99f9f7ac.jpg,3,1,0,133,255,val
d99f9f7ac.jpg,4,373,0,617,254,val
d9a5c3aae.jpg,3,761,0,833,255,train
d9a63b372.jpg,4,269,5,992,246,train
d9acdf5cd.jpg,5,483,0,1289,255,val
d9bfea1ea.jpg,3,29,118,75,254,train
d9ce68f4f.jpg,5,428,3,1195,160,train
d9d9f2b25.jpg,5,632,0,1288,255,train
d9fb2247f.jpg,5,491,0,1278,255,train
da0262fcf.jpg,3,1053,0,1160,255,val
da20fe743.jpg,3,1185,43,1211,255,train
da30cbaf7.jpg,5,377,1,1537,255,val
da3d96f2f.jpg,5,508,0,1599,255,train
da505edce.jpg,3,705,21,805,97,train
da522f333.jpg,5,251,110,1494,255,train
da691bc2e.jpg,3,44,166,169,255,val
da6fb7dc1.jpg,1,1385,0,1400,166,train
da8ace073.jpg,3,1110,135,1378,255,train
daacde94c.jpg,5,503,0,1596,255,train
dab5666d9.jpg,5,558,100,1536,255,train
dabbc106c.jpg,4,365,82,1187,254,train
dac8bf38a.jpg,1,504,0,535,164,train
dae3c563a.jpg,5,641,0,1085,255,val
daeea39b1.jpg,5,62,0,1268,255,val
daf2897e4.jpg,3,982,35,1012,255,train
dafaf1165.jpg,3,898,0,1179,108,train
db03ee270.jpg,5,78,0,796,255,train
db0547371.jpg,5,481,3,1288,255,train
db064ce4a.jpg,1,515,30,535,101,val
db17c18f9.jpg,5,102,66,1302,255,train
db17f3e99.jpg,3,950,140,978,253,train
db1b35480.jpg,5,919,0,1228,255,train
db1c5b4f7.jpg,1,113,66,1351,254,val
db2d6da08.jpg,3,6,1,358,181,train
db3712c6d.jpg,5,1,0,1565,141,val
db37f7aee.jpg,5,671,1,976,255,train
db3ce9c95.jpg,3,1543,3,1597,255,train
db3ce9c95.jpg,4,426,137,546,253,train
db3d85bc9.jpg,3,913,33,952,211,val
db4716807.jpg,4,72,0,388,252,train
db4867ee8.jpg,1,1366,149,1417,255,train
db4867ee8.jpg,2,1384,21,1401,122,train
db4867ee8.jpg,3,913,0,925,191,train
db5241f19.jpg,5,471,4,1274,255,train
db5aabcb0.jpg,5,0,96,865,255,train
db5dd1ed3.jpg,4,21,2,1596,253,train
db62a970a.jpg,4,1205,22,1353,123,val
db6b86601.jpg,3,1047,0,1068,254,train
db7670e3e.jpg,3,1180,159,1327,255,val
db89feeba.jpg,3,1313,47,1530,255,val
db8b09f05.jpg,5,1199,1,1462,255,train
dbac90dc5.jpg,2,1484,0,1515,249,train
dbc93dc99.jpg,5,0,0,1435,255,val
dbcd9e81c.jpg,3,631,0,654,255,train
dbd7ba010.jpg,5,382,51,1171,255,train
dbe255803.jpg,5,0,0,1269,255,train
dbe2d92ec.jpg,3,1283,0,1301,198,train
dbe3f3192.jpg,3,1340,0,1498,255,train
dbf8177c1.jpg,4,724,2,1500,253,val
dc0c6c0de.jpg,5,709,0,1492,163,train
dc1acc527.jpg,5,169,0,1329,255,val
dc2b020ba.jpg,3,1062,0,1068,251,train
dc319912e.jpg,3,971,6,1000,253,train
dc3740c5c.jpg,5,590,11,1132,255,train
dc46bd374.jpg,5,1,0,970,144,train
dc46cd893.jpg,3,694,1,711,255,train
dc499be11.jpg,1,1333,0,1399,116,train
dc4c76517.jpg,5,117,0,976,255,train
dc58fa33b.jpg,2,900,199,908,252,train
dc6028399.jpg,5,190,73,1352,255,train
dc607256d.jpg,5,210,21,737,255,train
dc636ab48.jpg,2,551,0,568,231,train
dc66cdc19.jpg,3,1250,4,1276,255,val
dc67d78bf.jpg,1,179,20,331,255,train
dc6bc2963.jpg,5,135,0,1379,255,train
dc702eb04.jpg,5,853,0,1118,255,train
dc702eb04.jpg,4,659,188,829,255,train
dc8e7690a.jpg,5,174,0,1149,255,train
dc94faafc.jpg,4,847,0,1400,255,train
dcb3d23c8.jpg,3,0,0,178,255,val
dcc2e4f93.jpg,3,262,0,282,255,train
dcc3c7a50.jpg,3,653,0,868,255,train
dcc4ae98f.jpg,3,1073,1,1231,255,train
dccd32def.jpg,4,819,2,1177,116,train
dcd1ff127.jpg,4,1140,84,1599,255,train
dce70d399.jpg,1,419,13,724,202,train
dcebef38e.jpg,6,548,91,576,166,val
dcf0a3a06.jpg,5,88,0,613,253,train
dcf78e7eb.jpg,3,1214,23,1404,249,train
dcfd9b8c4.jpg,5,15,0,771,254,train
dd1683e7b.jpg,3,479,0,542,255,train
dd172eb82.jpg,3,255,64,292,178,val
dd175c50c.jpg,3,759,185,934,241,train
dd2390317.jpg,4,1386,17,1513,227,train
dd2c992b2.jpg,3,1082,0,1097,191,train
dd345169c.jpg,3,584,0,615,255,train
dd3efb748.jpg,3,337,57,532,97,train
dd441d6a0.jpg,1,202,25,613,218,train
dd441d6a0.jpg,5,278,81,871,255,train
dd72a8eef.jpg,5,163,1,756,255,train
dd74ce9d1.jpg,4,243,2,1269,255,train
dd7ddd0a8.jpg,3,318,83,433,244,train
dd7fcaf4e.jpg,3,203,0,315,254,val
dd7fcaf4e.jpg,4,947,0,1159,255,val
dd8af6471.jpg,3,1472,125,1492,151,train
dd8df432e.jpg,3,1089,24,1260,255,train
dd8e822bb.jpg,1,728,0,1434,209,train
dd97d4b45.jpg,3,1407,0,1477,251,train
dd9e0257b.jpg,5,808,0,1063,255,train
ddca3e643.jpg,5,678,0,1271,239,train
ddce2a301.jpg,3,0,133,88,214,train
ddef064ae.jpg,5,88,0,1326,255,train
ddf1692c2.jpg,4,1211,0,1599,255,train
de001c4e1.jpg,5,0,0,330,255,train
de001c4e1.jpg,4,928,27,1118,228,train
de049d393.jpg,5,885,0,1233,254,val
de087910f.jpg,3,123,163,172,228,train
de114dfdd.jpg,4,655,17,1371,237,train
de144dd49.jpg,3,667,0,694,236,train
de15e1a31.jpg,3,1157,4,1183,255,val
de1983d54.jpg,5,126,0,1557,255,train
de1f2b234.jpg,3,268,0,292,255,val
de37ca856.jpg,5,0,0,1510,254,train
de3e52e11.jpg,3,796,91,881,143,train
de4a7df6e.jpg,3,338,137,353,255,train
de5a08726.jpg,1,263,124,320,196,train
de6c85c29.jpg,5,239,0,1000,255,train
de79fa864.jpg,5,958,1,1301,255,train
de7ccd490.jpg,3,789,0,820,231,train
de7e172fb.jpg,5,593,0,1395,255,train
de85a0a75.jpg,5,0,0,1332,255,train
de85c63cb.jpg,5,977,0,1545,182,train
de85c63cb.jpg,4,627,200,798,255,train
de89591c4.jpg,1,1284,0,1315,255,train
de8aa269b.jpg,5,422,0,1515,255,train
de90cb5f1.jpg,3,1420,4,1431,173,train
de964f1e4.jpg,5,709,0,1314,255,train
de9737017.jpg,5,15,0,1044,255,val
de9ce7271.jpg,1,287,128,426,255,train
dea277f4a.jpg,5,92,29,1498,210,train
dea31c6e2.jpg,3,1190,20,1338,250,train
deaa30604.jpg,6,839,30,903,202,train
deb036a27.jpg,5,151,0,1552,255,train
dec7344c8.jpg,1,135,0,364,171,val
ded3e76e3.jpg,3,613,71,633,171,train
ded5c87e8.jpg,3,662,115,1053,255,train
dee367c77.jpg,5,1284,0,1583,255,train
dee68db68.jpg,3,1138,1,1145,255,train
def010af5.jpg,3,1273,0,1489,255,train
def2ac19d.jpg,5,394,1,1390,255,train
def2e3f57.jpg,5,127,40,1597,212,train
def2ff0c5.jpg,5,10,63,1572,255,val
defcae4cc.jpg,6,703,36,1456,255,val
defee8509.jpg,3,436,1,457,251,train
deff23782.jpg,1,342,46,850,255,train
df0168063.jpg,3,1206,0,1372,254,train
df0430717.jpg,3,1468,1,1500,252,val
df17684d1.jpg,5,823,0,1086,255,val
df4d01acb.jpg,3,1161,0,1365,255,train
df55b085a.jpg,4,1242,0,1575,230,train
df5c68422.jpg,5,38,0,1538,255,val
df656b199.jpg,5,200,0,784,255,train
df6e8da02.jpg,3,1137,4,1374,227,train
df70a7e07.jpg,1,1370,0,1400,48,val
df8e56f94.jpg,3,966,0,1016,255,train
df983abed.jpg,5,1,0,1599,175,train
dfbd6656a.jpg,5,433,0,1010,255,train
dfc4b8d29.jpg,5,793,0,1599,255,train
dfc895f18.jpg,4,1441,88,1599,255,val
dfcc8d751.jpg,3,468,2,495,255,train
dfd8a544d.jpg,3,1157,1,1192,247,train
dfe79ed0f.jpg,5,181,12,1252,255,train
dff14f87b.jpg,4,0,4,594,253,train
dff1d028a.jpg,5,1133,105,1571,255,train
dff8ecef4.jpg,6,436,117,455,207,val
e003d691f.jpg,3,1054,0,1141,254,val
e006b532b.jpg,1,841,3,1063,230,train
e007cfe77.jpg,3,292,152,317,255,train
e013286ef.jpg,4,492,0,1150,253,train
e02ffc95b.jpg,5,922,0,1253,255,train
e036add44.jpg,5,808,0,1517,255,val
e03bf53d8.jpg,5,350,0,1303,140,train
e03dd6e96.jpg,3,440,76,703,255,train
e0490b7cf.jpg,5,130,0,1568,255,val
e04be8eca.jpg,3,146,0,323,104,train
e04f1f2a6.jpg,3,1172,32,1318,233,train
e04f5c163.jpg,5,0,0,1182,209,train
e054a983d.jpg,5,706,1,1477,255,train
e055a603c.jpg,5,436,69,1482,254,train
e055afd50.jpg,3,236,52,372,251,train
e0593f542.jpg,3,720,70,885,129,train
e078bff60.jpg,5,5,0,1594,245,train
e078bff60.jpg,4,277,119,662,255,train
e07c94229.jpg,3,1546,0,1591,255,train
e07f3eb4b.jpg,3,1175,34,1334,234,train
e07f3f1b3.jpg,5,245,0,1001,255,val
e0ad8fed3.jpg,5,199,91,936,254,train
e0b3e7b3f.jpg,3,1299,0,1551,251,train
e0b3e7b3f.jpg,4,597,38,869,236,train
e0cc2a416.jpg,3,944,79,1416,205,train
e0cf5558b.jpg,5,424,0,989,255,train
e0eade7b1.jpg,3,845,1,854,232,train
e0eade7b1.jpg,4,1069,214,1173,255,train
e0eefb4a2.jpg,3,287,81,339,253,train
e0eefb4a2.jpg,4,1189,0,1463,255,train
e0f80254f.jpg,5,1,13,1175,181,val
e0fc2a4c2.jpg,1,1,0,297,194,train
e104181f2.jpg,3,1014,2,1253,250,train
e11ed6a65.jpg,3,83,173,151,255,train
e12136afc.jpg,5,429,16,1137,255,train
e131b10b3.jpg,3,113,97,199,204,val
e13c443d5.jpg,3,3,56,192,115,train
e13e952d1.jpg,5,94,108,1137,240,train
e1560e1d0.jpg,3,1204,1,1399,255,train
e15a18c3e.jpg,5,161,0,1356,255,val
e1662a8c3.jpg,5,953,0,1530,255,val
e16b7d494.jpg,4,1168,48,1537,255,train
e195c6b17.jpg,3,1098,44,1282,253,train
e19ca4457.jpg,3,1295,173,1359,234,val
e1a9e7c49.jpg,4,3,5,640,250,val
e1b18d841.jpg,5,919,0,1228,255,train
e1bc34727.jpg,3,837,10,1014,86,val
e1db7ee54.jpg,5,191,38,645,251,val
e1e0a91b8.jpg,5,2,0,1594,255,train
e1f08c59c.jpg,3,1113,8,1327,255,train
e2037da93.jpg,5,279,0,1279,167,val
e2037da93.jpg,4,1501,9,1592,255,val
e21fd95ad.jpg,4,69,44,431,255,train
e22b027ee.jpg,5,1,5,1466,255,train
e23f2d103.jpg,4,256,4,1292,239,train
e2512d5f4.jpg,5,0,60,471,255,val
e29a708e0.jpg,1,151,10,555,255,train
e29d6c141.jpg,3,145,0,258,255,train
e29f1a47a.jpg,5,392,46,1238,255,val
e2abceace.jpg,3,0,206,780,250,train
e2ad8a12a.jpg,5,676,1,1090,254,val
e2b3cf9a4.jpg,6,665,148,727,207,train
e2bdd4236.jpg,5,68,0,1576,255,val
e2c203a0f.jpg,3,574,1,594,255,train
e2c4275d6.jpg,2,905,90,919,238,train
e2d02393b.jpg,5,5,86,479,255,train
e2d64c010.jpg,1,74,0,1188,236,train
e2d64c010.jpg,3,616,0,700,128,train
e2d7cf5a9.jpg,4,166,3,312,195,train
e2f004578.jpg,3,203,0,222,255,train
e2f3d138a.jpg,3,845,0,897,238,train
e30a322d7.jpg,5,326,0,1161,255,train
e30a322d7.jpg,4,1157,140,1269,240,train
e30ea20d9.jpg,5,0,38,1599,221,train
e3143c8d2.jpg,3,1460,3,1470,252,train
e31f8c3de.jpg,4,152,0,1570,255,train
e3279f86e.jpg,3,879,178,922,224,train
e32bb7b41.jpg,3,1162,0,1383,255,val
e32bba07f.jpg,5,863,0,1354,255,val
e3485d08f.jpg,5,713,0,1272,255,train
e34f68168.jpg,5,215,90,1290,254,train
e35a68f07.jpg,1,1399,1,1423,252,train
e36a70d40.jpg,3,828,0,858,233,train
e385380e1.jpg,5,122,0,1335,255,train
e385380e1.jpg,4,1297,98,1551,255,train
e3988634c.jpg,5,0,0,1231,255,train
e3b9a7b07.jpg,3,144,0,299,255,train
e3b9a7b07.jpg,4,597,0,1237,213,train
e3c8b3a70.jpg,5,151,0,1181,255,train
e3e1bb16a.jpg,3,456,45,478,196,train
e3e8594fa.jpg,3,738,1,774,253,train
e3f979ef5.jpg,3,1289,15,1411,112,train
e3fe831b7.jpg,3,1154,42,1215,114,train
e401b6539.jpg,1,176,0,673,222,train
e40e068f3.jpg,6,303,84,412,251,train
e42311f08.jpg,4,930,103,1407,255,train
e43b67340.jpg,5,0,169,1596,255,train
e4454f42e.jpg,5,164,0,717,255,train
e44a065d8.jpg,3,120,64,150,255,train
e45010a6a.jpg,3,1407,43,1429,255,train
e4547788b.jpg,5,1,10,1287,255,train
e461fe709.jpg,4,558,0,1504,253,train
e4645dffc.jpg,5,71,0,631,233,train
e473f2647.jpg,5,276,85,1565,244,train
e475fb44e.jpg,5,433,1,999,255,val
e479a2e88.jpg,1,570,23,638,104,train
e47ea998e.jpg,5,979,1,1477,255,train
e481c68fd.jpg,3,655,0,670,254,train
e482bf630.jpg,3,1192,98,1342,255,train
e4911993d.jpg,3,175,5,229,255,train
e493a8167.jpg,5,794,85,1442,255,train
e49407f6c.jpg,3,704,1,721,252,train
e495d5456.jpg,5,464,0,1533,255,train
e495d5456.jpg,4,572,0,1102,246,train
e4a7202d9.jpg,2,947,84,961,255,train
e4a964382.jpg,5,0,66,1550,254,train
e4b3b7491.jpg,5,683,0,1386,253,train
e4c74d00a.jpg,4,353,0,1599,255,train
e4c9c8ab3.jpg,3,676,86,835,141,train
e4d2933d9.jpg,3,1101,0,1336,254,train
e4d9efbaa.jpg,1,1453,5,1493,103,train
e4d9efbaa.jpg,3,732,0,770,201,train
e4da37c1e.jpg,1,1456,0,1479,255,train
e4da37c1e.jpg,2,1490,0,1503,181,train
e4e9700de.jpg,4,637,118,841,255,train
e4f4ee905.jpg,3,726,165,897,229,train
e4fe95209.jpg,3,886,0,1081,255,train
e51c76beb.jpg,3,1260,86,1408,254,train
e52f2f2de.jpg,6,162,0,1413,255,train
e5396a44e.jpg,3,1326,0,1501,255,val
e55bc715f.jpg,4,336,222,599,254,train
e56c928ee.jpg,5,505,0,1403,255,train
e56d5dfde.jpg,2,937,27,950,150,train
e56f52c1e.jpg,2,505,48,522,255,train
e573ac857.jpg,5,166,0,1096,252,train
e573ac857.jpg,4,420,106,596,238,train
e57c6ff76.jpg,3,1083,130,1178,255,train
e57efd4b4.jpg,3,1226,127,1281,182,val
e58764ee5.jpg,3,808,105,880,180,train
e589cb68b.jpg,5,508,0,1371,155,train
e59a4b5cb.jpg,2,865,0,919,255,train
e5a59184b.jpg,5,0,0,1598,255,val
e5acd8af8.jpg,5,316,14,1543,255,train
e5b65b5ec.jpg,3,1120,0,1132,254,val
e5c50b997.jpg,3,923,1,973,158,train
e5cc898b6.jpg,5,446,0,1280,255,val
e5d954e34.jpg,3,1047,0,1125,255,val
e5dd1ea97.jpg,5,893,52,1557,255,train
e5dfaf632.jpg,5,369,38,1283,254,train
e5e0fe470.jpg,5,572,6,1590,255,train
e5ea04944.jpg,5,122,0,943,255,train
e5f1d5a38.jpg,3,931,40,1104,184,train
e5f9a5bb9.jpg,3,145,0,375,255,train
e5f9a5bb9.jpg,4,666,0,1211,255,train
e6123fb08.jpg,1,125,52,1143,255,train
e616ad745.jpg,5,11,14,1369,238,val
e622e319f.jpg,3,652,0,750,63,train
e628d230c.jpg,3,890,2,912,255,train
e63aa9aaa.jpg,5,201,0,1040,255,train
e63ad114c.jpg,5,108,0,616,187,train
e658a2891.jpg,5,121,0,1037,255,train
e665a434f.jpg,3,472,0,511,236,train
e667de6f9.jpg,1,781,200,863,255,train
e669ef644.jpg,3,1235,2,1256,179,train
e66eb3d68.jpg,5,1141,0,1597,243,val
e67ffcc83.jpg,5,672,0,1112,255,train
e685f521b.jpg,3,369,0,406,229,train
e690329c1.jpg,5,176,0,435,255,train
e696ac71b.jpg,3,839,59,996,248,train
e6a44cda3.jpg,5,523,0,900,255,train
e6ac69712.jpg,2,479,6,494,184,train
e6b97f991.jpg,5,899,0,1273,255,val
e6bf58db7.jpg,3,342,0,461,255,train
e6c32de72.jpg,5,879,0,1183,255,train
e6c89d5fd.jpg,5,927,0,1433,255,val
e6f8789d6.jpg,3,509,0,687,255,train
e6fd24165.jpg,3,0,3,152,251,train
e6feea803.jpg,1,155,0,1180,254,train
e6feea803.jpg,3,1002,33,1088,93,train
e7047e396.jpg,3,787,0,1000,255,train
e70c4768b.jpg,3,689,0,925,255,train
e717ccca6.jpg,3,905,0,1105,255,train
e7268620b.jpg,5,55,0,1572,255,train
e72dc1d19.jpg,5,137,0,1069,255,train
e741e43bd.jpg,5,687,1,981,255,val
e744a55c6.jpg,3,982,0,1237,82,train
e745c7388.jpg,3,1135,120,1187,165,train
e74cf51d9.jpg,5,113,1,976,255,train
e75c7bbd9.jpg,1,1352,30,1413,164,train
e7634e770.jpg,5,89,0,886,255,train
e764efaa9.jpg,5,277,0,1190,255,val
e76e3e8a5.jpg,1,213,63,1382,255,train
e7758b305.jpg,1,1278,152,1306,188,train
e77710d02.jpg,1,509,82,536,142,train
e77d57652.jpg,2,919,43,951,250,train
e7aa7746f.jpg,5,161,0,1277,255,train
e7aec2b3d.jpg,3,210,55,643,169,val
e7aff0392.jpg,3,1475,179,1536,231,train
e7b061629.jpg,3,782,0,854,255,train
e7c69aea5.jpg,3,697,23,1023,82,val
e7c915edc.jpg,3,1400,0,1433,255,val
e7ced5b76.jpg,3,685,2,709,255,train
e7d7c87e2.jpg,5,654,0,1426,255,train
e7deb929f.jpg,3,942,49,1532,117,train
e7e2036ef.jpg,3,1056,0,1301,255,train
e7eebb438.jpg,6,266,59,1396,235,val
e7fb372da.jpg,5,579,0,1599,255,val
e806a6fd3.jpg,3,1554,49,1596,106,train
e808d020e.jpg,5,183,0,814,254,train
e816d6d9a.jpg,6,411,10,443,111,train
e81ee8548.jpg,5,151,0,1403,171,train
e8226144f.jpg,5,876,0,1245,255,train
e831de714.jpg,5,907,0,1361,154,train
e8340339d.jpg,5,595,0,1331,255,val
e83d27de8.jpg,5,528,0,1427,255,train
e840cf262.jpg,3,787,1,807,255,train
e848a32dd.jpg,1,82,78,1361,226,train
e851fc03a.jpg,6,220,42,317,177,train
e857c7372.jpg,1,717,145,746,190,train
e863b1467.jpg,5,362,0,830,255,train
e868908d6.jpg,5,20,0,1101,255,train
e869118bb.jpg,5,602,0,893,255,train
e86b2f3e2.jpg,2,1493,0,1531,88,train
e874f3235.jpg,3,1076,6,1084,252,train
e880e3468.jpg,3,764,0,962,255,train
e8814afd2.jpg,4,1300,131,1440,251,train
e89c99064.jpg,5,118,0,978,255,train
e89d1f0d8.jpg,5,0,1,1539,255,train
e8a04b4f8.jpg,3,1132,2,1138,255,train
e8a40861a.jpg,3,282,0,513,254,val
e8aacce9c.jpg,5,600,0,1189,255,train
e8b4ddc4d.jpg,2,1486,145,1501,255,train
e8c73d030.jpg,3,449,10,488,240,train
e8ea20f7f.jpg,5,267,0,1025,255,train
e8fefd824.jpg,5,575,0,1237,255,train
e90e3e9e3.jpg,3,1128,30,1171,255,train
e91814529.jpg,1,1331,204,1358,255,train
e93bfa412.jpg,5,492,33,1267,255,train
e93bfa412.jpg,4,166,0,588,164,train
e941885fb.jpg,1,720,51,760,188,val
e9463eb04.jpg,5,154,0,1256,255,val
e95faa0b1.jpg,3,190,105,325,255,val
e96249f5a.jpg,3,917,7,1072,255,train
e96249f5a.jpg,4,808,163,963,255,train
e97006670.jpg,1,941,154,971,247,train
e97006670.jpg,2,951,0,967,156,train
e98824ca8.jpg,5,571,0,1058,229,train
e98ffbe3d.jpg,5,1000,14,1296,255,train
e9a938877.jpg,2,433,0,471,255,val
e9b77950e.jpg,1,1478,102,1493,123,train
e9b77950e.jpg,3,1480,125,1496,185,train
e9c4686f0.jpg,3,44,42,664,93,train
e9c57b010.jpg,5,202,0,579,255,train
e9c57b010.jpg,4,948,29,1426,248,train
e9c9ac12d.jpg,5,540,0,1414,255,train
e9ccb6f17.jpg,3,1320,36,1367,252,train
e9ccf81cf.jpg,6,260,29,734,237,train
e9d0de676.jpg,5,197,0,1029,255,train
e9e04715b.jpg,4,1375,198,1573,255,train
e9ed21340.jpg,3,1009,0,1130,243,train
e9f4baa36.jpg,6,544,106,568,208,val
e9fa75516.jpg,3,694,1,711,255,train
ea13e9557.jpg,5,626,77,1572,255,train
ea168de6c.jpg,5,0,12,1599,162,train
ea1e42b6a.jpg,5,430,1,1136,255,train
ea23dae53.jpg,3,1218,91,1369,255,train
ea28bb97c.jpg,5,427,55,1598,169,train
ea2ebb194.jpg,5,128,0,1273,255,val
ea30f095d.jpg,3,1200,1,1391,254,train
ea463471d.jpg,3,1275,30,1438,247,train
ea476b31f.jpg,3,950,7,1208,194,val
ea4f8eb1d.jpg,5,0,24,768,255,train
ea54f9247.jpg,3,1298,147,1332,255,train
ea5c8ec19.jpg,3,610,0,708,255,train
ea6227174.jpg,5,78,0,1342,255,train
ea6227174.jpg,4,1012,0,1313,187,train
ea675dd1e.jpg,3,1317,0,1560,254,train
ea69073bd.jpg,3,674,52,784,255,train
ea8acd661.jpg,3,725,144,868,255,train
ea8e93bb5.jpg,1,725,165,749,234,train
ea970bedf.jpg,5,249,8,1560,208,train
ea9f9985a.jpg,5,137,3,1152,239,train
ea9f9985a.jpg,4,612,16,738,255,train
eaa65effb.jpg,4,1139,42,1277,205,train
eaaa61b15.jpg,3,661,7,849,253,train
eab4edf22.jpg,3,834,0,857,255,train
eab6bfdea.jpg,3,295,2,304,250,train
eab9d667f.jpg,3,470,3,740,111,train
eabd4acaa.jpg,3,1350,4,1357,247,train
ead253ed7.jpg,3,1334,0,1353,112,train
eadff74bc.jpg,5,367,1,1451,255,val
eae840b74.jpg,3,492,0,544,40,train
eaebc549c.jpg,3,728,1,752,255,train
eaf7443a7.jpg,5,276,0,1597,255,train
eb0969906.jpg,3,1113,68,1199,255,train
eb10d7ae4.jpg,3,294,17,920,59,val
eb1195bcc.jpg,4,985,1,1169,220,train
eb18f69ed.jpg,5,415,0,1217,229,train
eb1f38f03.jpg,5,201,20,771,255,train
eb1f38f03.jpg,4,1198,3,1353,252,train
eb2008abd.jpg,5,461,0,1473,255,train
eb2b76683.jpg,6,592,178,609,220,train
eb3f5c9c8.jpg,5,257,0,928,102,train
eb4225311.jpg,3,1185,0,1221,167,train
eb44ad79d.jpg,5,143,0,1022,255,train
eb44ad79d.jpg,4,1096,144,1599,255,train
eb4c89edf.jpg,5,515,0,873,255,train
eb5d79866.jpg,5,203,0,688,255,val
eb5d79866.jpg,4,713,214,774,255,val
eb630c931.jpg,6,728,144,760,210,train
eb6983d21.jpg,3,742,2,777,255,train
eb7ec1f85.jpg,5,22,0,975,255,train
eb81bea67.jpg,3,247,170,271,255,train
eb8aa849b.jpg,3,680,15,729,66,train
eb8fe7e47.jpg,3,603,0,669,255,train
eba817e8d.jpg,5,246,0,998,255,val
ebb817ec9.jpg,4,1034,2,1200,126,train
ebce68542.jpg,3,1215,84,1383,255,train
ebcfa79fd.jpg,5,35,0,1599,255,train
ebdc35de8.jpg,2,496,0,520,204,train
ebe0d614b.jpg,5,14,1,1167,255,val
ebedf35c7.jpg,5,49,0,992,255,train
ebffb5d31.jpg,5,56,31,893,117,train
ec0c4dd47.jpg,3,11,118,709,189,val
ec0e3a1c2.jpg,3,579,104,609,117,train
ec10e45db.jpg,4,601,2,1579,253,train
ec1ffc4eb.jpg,3,285,0,438,255,train
ec37ebae6.jpg,5,892,1,1199,255,train
ec3f302f2.jpg,3,1187,1,1342,157,train
ec3fe85d6.jpg,3,1349,133,1435,193,train
ec3fe85d6.jpg,4,292,0,1191,246,train
ec52fac2d.jpg,3,917,20,1027,147,val
ec58aa10d.jpg,5,122,0,1053,255,val
ec5abc2f0.jpg,3,1254,95,1336,255,val
ec6a951ba.jpg,5,578,0,1521,255,val
ec8c34113.jpg,1,1501,101,1521,164,train
ec921fcc7.jpg,3,618,197,669,247,train
ec9f97e66.jpg,1,230,1,1245,227,train
eca0aa4ff.jpg,5,352,13,643,255,train
ecad316bb.jpg,3,339,145,382,197,train
ecb3a4be6.jpg,5,652,0,1599,202,train
ecb50399d.jpg,4,240,0,1449,249,train
ecbab23d0.jpg,3,1089,7,1121,252,train
ecc0bf094.jpg,5,406,2,853,254,val
ecca5b079.jpg,5,29,0,766,255,train
ecd0a7a42.jpg,2,949,41,968,255,val
ecd7ecf7e.jpg,5,935,0,1502,255,train
ecdebc6ad.jpg,3,530,91,563,185,train
eceb96837.jpg,5,17,0,1551,255,train
ed1c6be8d.jpg,5,525,32,996,255,train
ed1e66f9c.jpg,3,1060,0,1222,255,train
ed22af554.jpg,5,71,84,809,255,val
ed2d06ff7.jpg,6,684,76,710,200,train
ed3276a76.jpg,1,141,0,1236,242,train
ed3615966.jpg,5,631,0,1123,255,train
ed3f080c3.jpg,1,157,7,1448,215,train
ed4db5cf7.jpg,5,247,0,1349,255,train
ed54a41e1.jpg,5,4,0,1384,255,train
ed5d6f10a.jpg,6,1452,1,1491,255,val
ed69c5fcf.jpg,1,788,1,923,127,train
ed861754e.jpg,5,174,9,1599,255,train
ed8678cea.jpg,1,53,0,1175,255,train
ed8d0e78c.jpg,5,1007,0,1363,255,train
ed94e8b34.jpg,5,903,5,1598,237,train
ed9f33dc2.jpg,5,68,27,1515,221,train
ed9f593a2.jpg,2,944,115,959,255,train
eda5114ee.jpg,5,151,0,1386,255,train
edb3ff5b5.jpg,3,325,93,380,227,train
edbb46a8e.jpg,5,1301,10,1580,253,train
edbd80289.jpg,3,1081,16,1272,255,val
edc0d2bf8.jpg,1,1034,30,1369,194,train
edcf5abf7.jpg,1,1480,84,1505,165,train
edd2ff0dd.jpg,3,858,0,885,43,val
edf12f5f1.jpg,5,668,2,1228,255,train
edfc18176.jpg,3,689,155,861,222,train
edfe6ee4c.jpg,3,214,127,289,250,train
edfe6ee4c.jpg,4,668,0,868,106,train
ee0979b81.jpg,5,391,0,1202,255,val
ee0ad947e.jpg,3,683,0,701,254,train
ee0f815a0.jpg,3,727,0,753,255,val
ee1450e82.jpg,3,877,48,920,84,val
ee20efe66.jpg,1,491,43,1382,187,train
ee21b4b2d.jpg,5,438,0,1077,255,train
ee346cc79.jpg,5,348,0,640,255,val
ee3ace56f.jpg,4,34,29,1504,255,train
ee44ebd2f.jpg,4,278,0,692,231,train
ee45a1736.jpg,3,330,0,394,255,val
ee4c5ab7f.jpg,5,541,0,1583,255,train
ee57ddb83.jpg,3,827,200,874,243,train
ee65fc6d8.jpg,5,958,23,1360,247,train
ee83f88d5.jpg,5,984,0,1236,255,train
ee83f88d5.jpg,4,1329,4,1597,242,train
ee8ab74c9.jpg,3,638,0,786,255,train
ee9a247ad.jpg,5,502,0,1421,255,train
eea014d25.jpg,3,789,1,823,255,val
eeae0a244.jpg,5,703,0,1443,255,train
eebcc0af3.jpg,1,91,21,1525,245,val
eec244672.jpg,3,1044,0,1078,254,train
eec5da0ae.jpg,5,83,0,1266,255,train
eed32de1b.jpg,1,160,13,1316,156,val
eed74bec9.jpg,3,1468,80,1522,255,train
eed932172.jpg,1,724,32,743,79,val
eedbd0c92.jpg,3,419,221,449,255,train
eee142d9a.jpg,3,1175,134,1324,255,train
eef087050.jpg,6,147,1,865,238,train
eef10580b.jpg,3,92,0,291,255,train
eef2cc092.jpg,5,723,0,1182,255,val
eef6ec80a.jpg,3,1065,63,1115,255,train
eefe5b710.jpg,4,327,3,1597,242,train
eeffa4c49.jpg,1,333,94,494,179,val
eeffa4c49.jpg,5,530,0,1055,239,val
ef0f5ac32.jpg,3,202,0,283,255,val
ef21b3e57.jpg,3,938,0,1076,255,train
ef24240a0.jpg,5,401,16,1536,255,train
ef24da2ba.jpg,6,1432,100,1456,137,train
ef24da2ba.jpg,2,1431,0,1455,99,train
ef24da2ba.jpg,3,696,1,721,255,train
ef3894ac2.jpg,3,137,137,273,164,train
ef3c774d4.jpg,5,150,0,1186,255,train
ef5c1b08e.jpg,1,1480,4,1529,158,val
ef60f8163.jpg,3,501,0,656,255,train
ef70641e3.jpg,3,767,43,1028,172,train
ef8ba30c0.jpg,5,621,0,1596,255,val
ef8ba30c0.jpg,4,558,0,1097,253,val
ef8c8a263.jpg,5,121,0,1531,255,train
ef8c8a263.jpg,4,1017,0,1423,255,train
ef94ca813.jpg,4,108,0,502,255,train
efa836d61.jpg,5,45,0,1179,255,train
efb89f410.jpg,3,1252,83,1403,255,train
efc63b0b9.jpg,5,810,1,1115,255,train
efca9c938.jpg,1,450,0,575,147,train
efdad5db3.jpg,5,962,0,1461,255,val
efe30162b.jpg,5,243,0,873,199,val
efe5694bf.jpg,2,552,0,580,215,train
eff2074df.jpg,3,0,0,442,126,train
f00185797.jpg,3,1361,155,1392,244,train
f0074b888.jpg,3,154,73,214,255,train
f0075e43c.jpg,5,0,0,640,255,train
f01e4eec6.jpg,3,583,66,670,209,train
f02c1a600.jpg,5,3,0,586,255,train
f03379160.jpg,1,744,128,771,235,val
f03d88c73.jpg,4,1361,2,1574,146,val
f0437a9c3.jpg,3,1157,86,1229,144,train
f04d32eeb.jpg,3,100,0,267,233,train
f06fbd0e7.jpg,3,680,15,715,197,train
f07969848.jpg,4,1175,0,1501,120,val
f08716423.jpg,3,416,122,458,199,val
f0a08a10c.jpg,5,450,11,1111,249,train
f0dbecd3d.jpg,3,919,0,1129,191,val
f0dbecd3d.jpg,4,663,0,890,203,val
f0dc068a8.jpg,3,621,0,839,255,train
f0df48da0.jpg,1,693,0,738,120,train
f0e205516.jpg,3,1016,2,1235,253,train
f0f70d7ad.jpg,3,1236,49,1253,255,train
f0fdd6b7f.jpg,5,264,0,860,255,train
f0fe4df29.jpg,5,0,24,1599,255,train
f10768627.jpg,6,166,1,703,255,train
f10768627.jpg,3,389,106,787,255,train
f10f625fd.jpg,3,653,0,672,253,train
f1119e073.jpg,5,723,101,1572,255,train
f114d1a28.jpg,1,380,0,437,255,val
f11d59e33.jpg,3,825,1,845,255,train
f12206185.jpg,6,434,2,958,204,train
f13107ec5.jpg,5,304,85,1488,220,train
f14cec989.jpg,5,55,0,486,255,val
f1699acad.jpg,2,495,63,509,255,train
f1699cb5a.jpg,5,396,0,1197,255,train
f17e982f9.jpg,2,895,0,909,99,train
f1807fbdd.jpg,3,1191,3,1220,251,train
f183f0192.jpg,5,50,0,931,87,train
f186527ee.jpg,3,1260,26,1372,255,train
f195eeda7.jpg,2,422,0,433,255,train
f1becb8a5.jpg,5,254,0,1106,255,train
f1becb8a5.jpg,4,1088,29,1584,255,train
f1bf46783.jpg,3,1039,0,1146,255,train
f1c0e4d32.jpg,6,70,0,1390,255,val
f1e00a7fb.jpg,5,149,0,1596,254,train
f1e348d35.jpg,5,399,11,1577,255,train
f1f6b0f09.jpg,3,282,2,306,255,train
f20023b87.jpg,3,343,43,635,255,train
f210c637e.jpg,3,834,40,864,81,train
f21b0be46.jpg,5,863,0,1185,255,val
f22ad3b42.jpg,4,1106,113,1535,252,train
f22b67de8.jpg,3,463,0,660,254,train
f22da130b.jpg,4,3,6,1007,254,train
f23288425.jpg,3,833,203,901,255,train
f23c857a4.jpg,3,177,3,208,255,val
f2444c793.jpg,6,542,74,573,255,train
f24af31d1.jpg,4,758,8,1521,244,train
f254f1765.jpg,3,1077,26,1126,255,train
f2613b2c4.jpg,5,311,119,1353,255,train
f26a1060f.jpg,1,749,93,764,154,val
f2739a7ca.jpg,5,513,0,1224,255,train
f276116b0.jpg,6,298,17,1203,255,train
f27cf9c58.jpg,2,1378,28,1397,219,train
f27dfe80a.jpg,5,1,0,1045,94,train
f294b84ed.jpg,3,1094,211,1117,221,train
f297f6838.jpg,2,1479,83,1508,255,val
f298b80d1.jpg,5,317,92,1031,255,val
f2991ba3c.jpg,3,1336,46,1376,157,train
f2a7da76d.jpg,6,776,107,808,171,train
f2ad0871c.jpg,5,1,0,1596,255,train
f2c12070d.jpg,5,874,0,1187,254,train
f2ce832a0.jpg,3,1144,0,1164,212,train
f2f5ab55c.jpg,5,187,0,1226,255,train
f2ff5cfd7.jpg,5,10,0,387,255,train
f30beded6.jpg,2,456,0,481,255,val
f32454873.jpg,3,267,133,675,255,val
f327ae983.jpg,3,1168,21,1320,208,train
f32bb5699.jpg,5,83,175,1018,254,train
f33469843.jpg,6,730,60,769,225,train
f338038be.jpg,5,826,0,1268,255,train
f33e7a4b3.jpg,6,734,193,764,255,val
f33e7fc05.jpg,3,790,138,895,152,train
f348bf060.jpg,3,720,0,750,255,val
f36acf83d.jpg,3,473,1,654,255,train
f36bc094e.jpg,5,644,23,1160,168,train
f37003c14.jpg,6,90,30,254,117,train
f375d814f.jpg,5,1,168,1598,255,val
f37af29b7.jpg,5,631,0,1526,255,train
f380e604c.jpg,3,647,9,674,254,train
f383950e8.jpg,3,249,27,343,193,train
f383950e8.jpg,4,1215,0,1459,255,train
f3862285d.jpg,1,272,187,408,255,train
f39c2310c.jpg,3,1034,1,1159,255,train
f3a5aa94c.jpg,5,605,0,1187,255,train
f3a9b7ad1.jpg,1,393,85,490,176,train
f3a9b7ad1.jpg,3,586,3,617,255,train
f3b180e26.jpg,3,1017,1,1067,217,train
f3c9fefb0.jpg,5,54,11,1276,255,train
f3d2fbd91.jpg,6,171,0,549,255,train
f3d855e66.jpg,5,111,1,1035,255,train
f3e1e7c47.jpg,2,905,1,924,255,val
f3fcb4c7f.jpg,5,0,51,1121,255,train
f400d2c23.jpg,4,180,148,255,254,train
f4077b312.jpg,3,0,0,139,218,val
f40bb2e24.jpg,3,1122,0,1132,255,val
f40be459c.jpg,3,938,0,963,255,train
f41732c94.jpg,4,914,52,1397,251,train
f4296a45d.jpg,5,33,81,1271,209,train
f430ab232.jpg,5,0,0,1269,188,train
f4413e172.jpg,5,995,1,1599,215,val
f44229f4b.jpg,5,126,0,989,255,train
f444c57a7.jpg,4,1228,6,1386,249,train
f4495532f.jpg,4,1451,60,1596,255,train
f45b2b2b0.jpg,3,1319,0,1424,255,train
f46d86fbe.jpg,3,1,0,147,255,train
f46e63337.jpg,5,795,0,1123,255,train
f47f238a3.jpg,3,1121,5,1312,246,train
f482c3553.jpg,1,237,38,465,252,train
f48988d6a.jpg,3,968,33,1062,255,train
f4a98f891.jpg,3,181,1,210,255,val
f4c5a6321.jpg,3,811,81,838,255,train
f4dde5dac.jpg,6,693,0,712,66,train
f4e2a1748.jpg,3,1076,0,1185,255,train
f4f73481c.jpg,3,879,1,936,255,train
f4fa0c7ac.jpg,1,1331,65,1359,153,train
f503817dd.jpg,4,102,0,552,254,train
f508bc529.jpg,3,1409,0,1454,255,train
f514de546.jpg,5,563,0,1502,255,train
f5222b1b3.jpg,1,1360,105,1386,167,train
f52e7d092.jpg,5,662,0,983,255,train
f539d7bea.jpg,3,961,59,979,254,train
f53e75337.jpg,6,870,0,898,217,train
f5479db16.jpg,3,0,206,644,255,val
f55acfc8e.jpg,1,818,52,856,152,train
f57584fa6.jpg,6,1331,132,1361,254,train
f5a4016bb.jpg,3,834,2,878,254,train
f5a68b422.jpg,3,580,125,732,185,train
f5b46c3c1.jpg,5,219,0,1420,255,train
f5b50a959.jpg,6,691,0,714,221,train
f5b50a959.jpg,3,898,130,1129,255,train
f5be628ef.jpg,5,260,0,1190,255,train
f5c8f7766.jpg,4,552,0,1509,255,val
f5cfc6f9c.jpg,5,570,1,1514,255,train
f5d3a64cd.jpg,5,332,0,880,147,train
f5d8b0c31.jpg,5,171,0,711,236,train
f5dbf6137.jpg,5,481,0,1294,255,train
f5e54ba62.jpg,1,129,1,1105,255,train
f5e981623.jpg,5,677,0,1082,255,train
f5ee0e95a.jpg,3,1033,0,1126,254,train
f5fcc4750.jpg,5,48,0,1045,255,train
f6091ef22.jpg,5,456,0,1524,255,val
f60b4d359.jpg,4,220,0,894,192,train
f618df512.jpg,1,1411,0,1549,153,train
f618df512.jpg,2,1532,153,1542,255,train
f62546cde.jpg,1,789,71,821,104,val
f63292081.jpg,3,1299,41,1363,143,train
f63e8c97f.jpg,3,100,0,151,210,train
f645abdf0.jpg,5,105,0,1081,255,val
f64bb97a6.jpg,5,84,4,494,222,train
f64bb97a6.jpg,4,989,1,1229,255,train
f6565a40a.jpg,5,157,2,1191,255,train
f65921e5a.jpg,4,466,29,1438,255,train
f65f02fdb.jpg,6,712,47,765,105,val
f66364942.jpg,3,247,0,397,255,val
f66a9a7f3.jpg,5,275,5,1338,255,train
f6749d6fe.jpg,3,181,19,206,255,train
f67811762.jpg,5,430,0,1235,255,val
f67e682da.jpg,5,595,49,1598,232,train
f68466331.jpg,6,181,0,951,255,train
f69caf7dd.jpg,5,218,0,668,170,val
f6c5aad59.jpg,3,173,1,231,255,train
f6c97e5e7.jpg,5,191,0,1032,255,train
f6d0cca5b.jpg,1,188,61,1264,255,train
f6d99d582.jpg,1,58,4,316,136,train
f6e2cc602.jpg,3,1464,0,1517,251,train
f6eb68937.jpg,3,216,0,515,170,train
f6eb68937.jpg,4,807,50,992,255,train
f6f7902a9.jpg,3,0,0,86,251,train
f6f7902a9.jpg,4,1178,0,1392,198,train
f70d09439.jpg,5,1,0,370,255,train
f71c37a0f.jpg,5,45,0,1318,255,train
f71f9c14b.jpg,5,2,0,1227,255,train
f727d997a.jpg,2,492,3,539,235,train
f72bc3a1a.jpg,1,700,79,745,209,val
f74f33985.jpg,5,182,6,722,182,train
f76f8e798.jpg,5,1,27,1590,206,train
f78c3b312.jpg,5,457,0,1437,255,val
f7916450e.jpg,1,238,69,829,176,train
f79e8cbcb.jpg,5,249,0,1012,255,train
f79f9f617.jpg,3,1224,0,1269,208,train
f7b1dd93a.jpg,2,1410,62,1470,255,val
f7c4aaaad.jpg,1,1374,44,1408,201,train
f7c7f6fc7.jpg,4,969,174,1177,248,train
f7cdbc185.jpg,5,642,1,1423,247,train
f7e92727b.jpg,3,81,0,240,255,val
f7f2d555c.jpg,5,827,0,1200,255,train
f7f2e339e.jpg,5,606,0,1193,233,train
f7fc733a7.jpg,3,472,0,663,255,train
f806c9662.jpg,3,464,0,612,109,train
f806c9662.jpg,4,741,122,862,255,train
f80b4e4e4.jpg,5,469,1,1597,255,train
f81484e30.jpg,3,1147,2,1273,255,train
f81b617ec.jpg,5,512,0,1492,255,train
f83aa5759.jpg,1,218,16,580,248,train
f83aa5759.jpg,3,1368,0,1387,127,train
f84697b80.jpg,3,862,0,894,244,val
f848466cb.jpg,5,257,1,1588,255,train
f84ae7a4b.jpg,3,672,1,710,254,val
f84f601b2.jpg,3,922,1,1167,255,train
f8507e526.jpg,3,206,188,287,255,train
f85515b8b.jpg,3,1488,0,1547,225,train
f88d122b9.jpg,3,1410,135,1431,255,val
f88d122b9.jpg,4,701,0,1504,136,val
f88e7ab6d.jpg,5,282,0,1091,255,train
f89ce1e24.jpg,3,1269,121,1297,255,train
f8a3b9065.jpg,5,291,0,902,255,train
f8a4b0829.jpg,3,1041,0,1139,255,train
f8af268c6.jpg,3,1004,186,1553,235,train
f8bf12de0.jpg,3,873,0,901,255,train
f8c41046b.jpg,5,1221,0,1472,255,train
f8d0b85ef.jpg,4,494,0,1597,155,train
f8dcae030.jpg,5,642,1,1430,215,train
f8eb9b938.jpg,3,118,64,148,255,train
f8f3a1eb2.jpg,1,653,107,767,245,train
f8f942505.jpg,3,171,0,245,255,train
f8ff8457a.jpg,5,922,0,1247,254,val
f901632bf.jpg,3,1145,13,1326,255,train
f910b7857.jpg,3,818,0,900,255,train
f917bca00.jpg,5,0,152,1599,254,train
f92794f0a.jpg,3,441,0,486,196,train
f94569eb5.jpg,3,1174,110,1325,255,train
f95284047.jpg,5,16,0,814,255,train
f95d6f436.jpg,3,944,73,1377,200,train
f965e553b.jpg,3,1089,86,1123,178,train
f9668c7cd.jpg,2,1492,98,1498,245,train
f9668c7cd.jpg,3,1448,2,1473,255,train
f9682bef7.jpg,3,1049,3,1064,193,train
f97db2626.jpg,3,1172,66,1320,244,val
f98a8ae54.jpg,1,147,5,393,254,train
f98ddb64d.jpg,4,295,35,1524,254,train
f991a6a9e.jpg,1,743,67,799,114,train
f99b7c8aa.jpg,3,708,0,727,255,val
f9a30423e.jpg,5,370,0,1502,222,train
f9b337a42.jpg,2,475,0,545,255,train
f9b98ab64.jpg,1,545,0,569,163,val
f9d0f27a0.jpg,3,389,0,517,144,train
f9d0f27a0.jpg,4,254,4,1332,255,train
f9d912044.jpg,5,682,0,1114,255,train
fa08fa8c5.jpg,3,1405,1,1594,255,train
fa130006f.jpg,5,913,0,1434,255,val
fa241dde2.jpg,4,801,155,1041,254,train
fa342395f.jpg,1,116,37,1147,227,val
fa347a114.jpg,5,171,0,1449,255,val
fa3828a07.jpg,3,286,0,1237,34,val
fa3a68a38.jpg,6,1523,25,1544,82,train
fa3a68a38.jpg,2,1498,28,1524,255,train
fa434abec.jpg,5,11,90,506,231,train
fa6567637.jpg,4,542,1,1596,254,train
fa71602c6.jpg,3,880,0,1069,255,val
fa80cdac8.jpg,5,3,0,1389,255,train
fa8f73d4b.jpg,3,1019,0,1185,164,train
fa9a5da40.jpg,1,99,7,420,255,train
fa9c1b2e4.jpg,3,1171,12,1321,199,train
faa0cdf84.jpg,1,1344,104,1372,152,train
faa1000af.jpg,5,1064,119,1599,255,train
faa73f1d9.jpg,3,692,0,713,255,train
faa80e2e8.jpg,3,890,1,923,255,train
faab4b759.jpg,3,432,0,616,255,val
fab50d91a.jpg,1,483,0,606,172,train
fac91988f.jpg,3,1015,118,1457,255,train
fac9c2cb8.jpg,5,1,0,1595,255,val
facc4ddc7.jpg,3,295,0,599,153,train
fad2dd8ee.jpg,2,1412,11,1443,145,train
fad2dd8ee.jpg,3,1389,0,1410,255,train
fae50c768.jpg,5,342,0,634,255,train
faea44200.jpg,3,1203,154,1225,255,train
fafd76f70.jpg,5,428,0,1505,250,train
fb0434dea.jpg,6,1168,63,1199,114,train
fb18f4f82.jpg,5,85,0,1504,255,train
fb1a7bc67.jpg,3,666,5,688,252,train
fb208afce.jpg,5,775,0,1129,255,train
fb23968c0.jpg,5,792,83,1351,224,train
fb252eb78.jpg,6,844,29,871,117,train
fb2d75aea.jpg,2,955,97,970,247,train
fb352c185.jpg,1,1484,71,1502,255,train
fb357de4d.jpg,5,863,0,1179,244,train
fb357de4d.jpg,4,0,160,128,255,train
fb36b84e7.jpg,1,192,13,382,237,train
fb38bb7bf.jpg,3,1128,2,1294,250,train
fb3a54000.jpg,5,2,0,1488,54,val
fb565bc91.jpg,3,659,0,682,255,train
fb6666769.jpg,3,1260,0,1296,44,train
fb6a70917.jpg,5,481,0,1344,255,train
fb8c8f732.jpg,5,334,0,1196,139,train
fb9558035.jpg,5,56,0,1375,255,train
fb9558035.jpg,4,622,0,931,89,train
fb9a07c8f.jpg,1,554,177,577,255,train
fb9a07c8f.jpg,2,566,0,593,188,train
fb9bed1bb.jpg,5,1075,1,1409,255,train
fbadf780f.jpg,4,274,25,600,255,train
fbb44ab31.jpg,5,99,6,653,253,train
fbbb8f8b2.jpg,3,1133,0,1227,255,train
fbbd2ed0d.jpg,6,107,0,421,254,train
fbc97ac61.jpg,1,1519,220,1540,241,train
fbc97ac61.jpg,2,1518,0,1554,209,train
fbcb3df55.jpg,3,216,1,364,255,val
fbd219354.jpg,3,1232,0,1273,190,val
fbdc2daae.jpg,2,1487,0,1508,175,train
fbdde63d5.jpg,1,1415,0,1444,254,val
fbf282a60.jpg,3,1424,213,1456,241,train
fbf7ac43e.jpg,3,525,0,541,159,val
fc0541a53.jpg,6,8,58,45,217,train
fc113cb7e.jpg,6,1365,74,1396,158,train
fc230eb3c.jpg,3,1044,3,1245,255,train
fc2968239.jpg,5,885,0,1192,255,train
fc2d2d29e.jpg,1,1454,132,1481,241,train
fc2d2d29e.jpg,3,1444,1,1461,147,train
fc3151ab5.jpg,5,884,29,1593,255,train
fc477f3c8.jpg,3,1547,3,1577,255,train
fc4ef4356.jpg,5,3,0,875,253,train
fc4f997c5.jpg,3,1537,1,1593,255,train
fc4f997c5.jpg,4,215,114,415,255,train
fc5e5979c.jpg,5,507,1,1306,255,train
fc62ebb8b.jpg,3,646,19,712,198,val
fc70bf091.jpg,5,36,1,1115,255,train
fc8cb11db.jpg,1,1061,7,1087,255,train
fc9f88417.jpg,3,362,1,464,255,train
fcacd299d.jpg,3,172,0,196,218,train
fcb1f2469.jpg,5,464,0,1166,255,train
fcb25f2ec.jpg,5,818,0,1085,255,train
fcce5b9cc.jpg,5,172,0,1362,255,train
fcd374576.jpg,2,844,0,867,254,train
fcd874407.jpg,3,1433,26,1444,254,train
fcddbcbc0.jpg,6,520,26,537,82,train
fcdeccead.jpg,1,566,91,590,235,train
fcded3d29.jpg,5,0,54,1598,184,train
fcdfdbf64.jpg,5,230,0,1066,255,train
fce971b43.jpg,5,823,3,1135,255,train
fcea4a36f.jpg,3,1204,49,1555,119,val
fcf5cf8e2.jpg,3,636,64,654,255,train
fcfffb388.jpg,3,1055,3,1069,251,train
fd14dd6dc.jpg,5,757,0,1212,255,train
fd184c14c.jpg,3,1054,74,1234,163,train
fd26ab9ad.jpg,5,42,15,1308,255,train
fd26ab9ad.jpg,4,760,0,840,77,train
fd2a53b9a.jpg,5,310,0,615,255,train
fd32f8ad3.jpg,1,1429,44,1474,255,val
fd3afa979.jpg,5,571,28,1004,223,train
fd5de08ea.jpg,5,657,0,1161,255,train
fd6208bbc.jpg,1,1079,27,1428,255,train
fd76d8b3d.jpg,3,1005,0,1216,255,train
fd7b70c7b.jpg,5,732,0,1115,249,train
fd86d4201.jpg,3,134,0,228,254,train
fd88ec534.jpg,4,950,37,1151,137,val
fda1a539d.jpg,4,502,1,1055,215,train
fda56a365.jpg,5,3,54,1597,193,train
fda720bac.jpg,5,0,0,1599,255,train
fdaaaf9d9.jpg,5,219,0,1429,255,train
fdab86eb7.jpg,3,1171,2,1360,252,train
fdabe52ee.jpg,3,1110,1,1329,255,train
fdb5ae9d4.jpg,3,705,1,721,249,train
fdb705792.jpg,3,977,19,1007,255,train
fdb7c0397.jpg,5,1033,0,1435,255,train
fdb7c0397.jpg,4,605,12,1177,254,train
fdb8a4e70.jpg,3,810,0,1012,255,train
fdc83849e.jpg,3,785,1,805,255,train
fdcaa4692.jpg,5,1021,0,1476,255,train
fdd363326.jpg,3,412,0,631,248,val
fde8d37fc.jpg,5,0,104,1598,255,train
fdefeca1f.jpg,5,129,0,892,255,train
fdf0d8b7a.jpg,5,458,0,1467,255,train
fdf3a16fc.jpg,3,1158,0,1344,251,train
fe01b0ce0.jpg,3,881,0,1077,255,val
fe1f25a02.jpg,3,1116,0,1187,255,train
fe21a795a.jpg,5,0,10,1599,255,train
fe2234ba6.jpg,6,151,37,522,203,val
fe2234ba6.jpg,3,356,127,862,240,val
fe2637bd9.jpg,6,283,29,621,247,val
fe335d9b8.jpg,3,1186,2,1207,255,train
fe65bce69.jpg,5,607,0,1191,255,train
fe689cf0a.jpg,2,27,0,55,254,train
fe6f8e502.jpg,5,503,53,1307,203,train
fe793c552.jpg,5,305,0,1374,255,val
fe7b99496.jpg,3,319,41,369,109,train
fe8e137c0.jpg,6,109,63,429,201,train
fe90516f3.jpg,3,533,0,553,255,train
fe96a088d.jpg,5,476,0,1279,255,val
fea2f6ad2.jpg,3,644,9,661,255,train
fea3da755.jpg,3,1484,18,1491,255,train
fea4c4feb.jpg,1,1361,94,1412,220,val
fea8e46ad.jpg,5,710,2,1353,255,train
feb2cfa94.jpg,3,1121,0,1149,255,train
febd24f9a.jpg,5,113,0,989,255,train
fec4b10d0.jpg,3,416,0,450,95,train
fec86da3c.jpg,3,632,66,663,131,train
fed07ccf3.jpg,1,1449,105,1469,228,train
fed23a483.jpg,5,895,2,1466,255,train
fee93875b.jpg,3,372,2,512,255,train
feebe80d4.jpg,3,413,182,471,221,train
feec56162.jpg,4,388,5,1298,93,train
ff001adfe.jpg,6,142,0,1416,255,train
ff1020719.jpg,5,510,0,1263,255,val
ff27b4b1b.jpg,3,1189,0,1217,255,train
ff300484e.jpg,3,466,64,513,255,train
ff44fa556.jpg,3,1118,43,1239,206,val
ff4ddccf9.jpg,5,355,1,1295,255,train
ff52f9fe2.jpg,5,0,0,353,227,train
ff5483763.jpg,5,659,1,1435,255,val
ff5590fbe.jpg,3,1187,34,1330,191,train
ff5c7f868.jpg,5,428,1,1204,255,train
ff6bfada2.jpg,5,481,0,1262,186,train
ff6bfada2.jpg,4,354,81,1049,255,train
ff6cc90ca.jpg,3,1056,1,1147,255,train
ff6e35e0a.jpg,1,1429,1,1458,255,train
ff6e35e0a.jpg,2,1484,0,1523,255,train
ff933e271.jpg,5,584,0,1527,255,val
ff96dfa95.jpg,5,146,0,1285,255,train
ff9923932.jpg,3,1378,1,1403,242,train
ff9d46e95.jpg,4,1275,0,1577,253,val
ffb48ee43.jpg,5,151,0,1599,255,val
ffbd081d5.jpg,5,1096,0,1408,255,train
ffc9fdf70.jpg,3,1198,34,1346,232,train
ffcf72ecf.jpg,5,476,0,1168,255,val
fff02e9c5.jpg,3,810,45,885,220,train
fffe98443.jpg,3,413,170,465,235,train
ffff4eaa8.jpg,5,66,1,591,255,train
ffffd67df.jpg,3,120,0,142,253,train
